Date,Open,High,Low,Close,Volume,Dividends,Stock Splits
2017-01-03,164.211,164.825,162.223,163.371,938100,0.0,0.0
2017-01-04,163.919,165.11,163.531,164.569,723300,0.0,0.0
2017-01-05,162.815,166.601,160.659,166.323,956600,0.0,0.0
2017-01-06,165.11,167.215,164.708,166.901,697200,0.0,0.0
2017-01-09,166.901,167.449,165.256,165.761,601700,0.0,0.0
2017-01-10,165.702,166.228,164.387,164.672,1166900,0.0,0.0
2017-01-11,163.933,163.941,159.745,160.622,1468200,0.0,0.0
2017-01-12,160.103,160.652,156.12,158.824,1514200,0.0,0.0
2017-01-13,158.817,158.817,156.361,156.5,997600,0.0,0.0
2017-01-17,156.939,159.241,156.844,159.109,842200,0.0,0.0
2017-01-18,159.036,159.373,156.442,157.582,1056000,0.0,0.0
2017-01-19,157.114,157.903,156.434,157.385,601100,0.0,0.0
2017-01-20,157.436,159.555,156.164,159.314,1040800,0.0,0.0
2017-01-23,159.336,161.675,159.256,160.981,733800,0.0,0.0
2017-01-24,160.798,162.961,160.557,162.545,798500,0.0,0.0
2017-01-25,162.435,162.72,159.745,160.001,792000,0.0,0.0
2017-01-26,160.14,161.616,158.371,159.519,516900,0.0,0.0
2017-01-27,159.753,160.403,157.348,158.291,573200,0.0,0.0
2017-01-30,157.874,158.824,156.8,157.136,508300,0.0,0.0
2017-01-31,157.363,158.912,156.588,157.143,540100,0.0,0.0
2017-02-01,157.194,158.24,155.316,155.893,675500,0.0,0.0
2017-02-02,155.82,157.911,155.82,157.158,658900,0.0,0.0
2017-02-03,158.342,159.416,157.436,158.262,747600,0.0,0.0
2017-02-06,158.262,158.846,156.814,157.648,545700,0.0,0.0
2017-02-07,157.662,158.781,156.193,158.225,666700,0.0,0.0
2017-02-08,158.357,161.214,158.254,160.579,688000,0.0,0.0
2017-02-09,160.579,160.579,158.766,159.68,391000,0.0,0.0
2017-02-10,159.533,160.674,158.7,160.644,442000,0.0,0.0
2017-02-13,160.856,161.66,159.716,160.842,464600,0.0,0.0
2017-02-14,160.842,161.112,157.143,158.532,513400,0.0,0.0
2017-02-15,157.582,159.665,156.369,158.664,640900,0.0,0.0
2017-02-16,159.314,163.232,159.314,161.266,822600,0.0,0.0
2017-02-17,161.521,165.037,160.798,165.008,1151400,0.0,0.0
2017-02-21,164.233,166.718,163.012,166.448,833000,0.0,0.0
2017-02-22,166.718,167.895,164.335,165.359,817100,0.0,0.0
2017-02-23,167.376,169.196,162.406,165.965,1146900,0.0,0.0
2017-02-24,166.301,168.034,164.876,166.945,757600,0.0,0.0
2017-02-27,167.266,167.339,165.914,166.674,487400,0.0,0.0
2017-02-28,166.835,167.741,165.497,166.25,1039700,0.0,0.0
2017-03-01,166.674,168.604,164.511,167.617,793100,0.0,0.0
2017-03-02,167.617,168.29,165.717,165.892,815600,0.0,0.0
2017-03-03,165.22,166.258,163.919,165.629,617800,0.0,0.0
2017-03-06,165.607,166.893,164.452,166.587,423900,0.0,0.0
2017-03-07,165.878,166.652,165.139,166.652,667600,0.0,0.0
2017-03-08,166.038,166.038,163.4,163.59,861300,0.0,0.0
2017-03-09,163.721,164.745,162.011,162.508,675900,0.0,0.0
2017-03-10,162.508,164.284,159.775,160.849,767100,0.0,0.0
2017-03-13,161.188,161.837,159.057,160.252,894000,2.0,0.0
2017-03-14,160.06,162.162,159.27,161.793,667900,0.0,0.0
2017-03-15,161.741,164.994,161.321,164.581,742700,0.0,0.0
2017-03-16,164.382,164.81,162.081,162.671,798000,0.0,0.0
2017-03-17,163.283,166.425,163.047,164.109,1477800,0.0,0.0
2017-03-20,164.271,165.267,162.752,164.957,722000,0.0,0.0
2017-03-21,165.053,166.329,164.308,165.429,955000,0.0,0.0
2017-03-22,165.503,166.927,164.028,166.529,758500,0.0,0.0
2017-03-23,165.828,167.982,165.547,166.639,843000,0.0,0.0
2017-03-24,166.772,167.569,164.353,164.419,635600,0.0,0.0
2017-03-27,163.519,165.887,162.641,162.944,576200,0.0,0.0
2017-03-28,162.922,163.991,161.432,163.866,760100,0.0,0.0
2017-03-29,163.416,163.644,160.583,162.236,703500,0.0,0.0
2017-03-30,161.594,162.863,160.2,161.83,923700,0.0,0.0
2017-03-31,161.896,163.298,160.849,161.469,1004500,0.0,0.0
2017-04-03,161.535,162.413,159.366,161.764,856400,0.0,0.0
2017-04-04,161.727,163.6,160.76,162.501,745100,0.0,0.0
2017-04-05,162.28,164.832,162.154,163.962,667100,0.0,0.0
2017-04-06,163.622,164.935,163.283,164.22,550400,0.0,0.0
2017-04-07,164.53,165.348,164.198,164.928,435000,0.0,0.0
2017-04-10,164.935,166.705,164.596,166.58,518900,0.0,0.0
2017-04-11,166.691,167.591,166.433,166.971,505400,0.0,0.0
2017-04-12,166.3,167.296,164.788,165.444,637700,0.0,0.0
2017-04-13,164.862,166.919,164.839,166.676,441100,0.0,0.0
2017-04-17,167.406,170.548,166.528,170.526,694600,0.0,0.0
2017-04-18,169.708,171.279,168.402,170.519,604300,0.0,0.0
2017-04-19,170.888,170.888,169.184,169.641,453300,0.0,0.0
2017-04-20,169.826,169.944,168.306,169.206,752400,0.0,0.0
2017-04-21,169.117,169.818,168.417,168.446,819800,0.0,0.0
2017-04-24,168.859,168.933,164.168,167.045,976400,0.0,0.0
2017-04-25,167.045,167.251,165.739,166.359,526400,0.0,0.0
2017-04-26,166.418,166.418,164.707,165.171,731900,0.0,0.0
2017-04-27,165.171,165.171,155.649,157.109,2272400,0.0,0.0
2017-04-28,156.305,157.087,153.761,154.439,1423400,0.0,0.0
2017-05-01,155.14,156.025,151.216,152.853,1152500,0.0,0.0
2017-05-02,152.691,155.199,152.079,152.883,1035000,0.0,0.0
2017-05-03,153.48,153.82,150.176,151.599,997500,0.0,0.0
2017-05-04,151.319,153.48,148.974,153.148,1232400,0.0,0.0
2017-05-05,153.266,154.897,152.167,153.606,858200,0.0,0.0
2017-05-08,153.827,153.989,152.654,153.753,1009100,0.0,0.0
2017-05-09,153.384,153.643,152.514,153.473,803400,0.0,0.0
2017-05-10,153.333,156.136,153.237,154.1,683600,0.0,0.0
2017-05-11,153.473,154.38,152.824,153.768,912900,0.0,0.0
2017-05-12,153.547,154.424,152.964,153.893,766100,0.0,0.0
2017-05-15,153.694,154.941,153.65,154.697,834100,0.0,0.0
2017-05-16,154.66,154.919,152.794,153.525,999200,0.0,0.0
2017-05-17,152.957,157.98,152.957,157.072,1665300,0.0,0.0
2017-05-18,157.382,159.44,156.652,159.411,1651900,0.0,0.0
2017-05-19,159.057,159.462,157.699,158.201,2114300,0.0,0.0
2017-05-22,158.378,159.861,157.817,159.027,938100,0.0,0.0
2017-05-23,159.189,160.679,158.666,160.207,839900,0.0,0.0
2017-05-24,160.06,161.528,159.765,160.48,773600,0.0,0.0
2017-05-25,160.62,161.041,159.543,160.126,1018500,0.0,0.0
2017-05-26,160.672,160.783,159.263,159.61,976200,0.0,0.0
2017-05-30,159.647,159.927,157.847,158.105,711400,0.0,0.0
2017-05-31,158.26,159.167,157.98,158.843,2060000,0.0,0.0
2017-06-01,158.739,158.806,155.118,156.571,1251100,0.0,0.0
2017-06-02,157.109,158.083,156.696,157.788,1063800,0.0,0.0
2017-06-05,157.633,157.714,155.524,155.892,918900,0.0,0.0
2017-06-06,155.892,155.892,153.163,153.348,1355000,0.0,0.0
2017-06-07,153.311,154.801,153.193,154.801,1303200,0.0,0.0
2017-06-08,154.801,156.165,152.492,155.568,1858400,0.0,0.0
2017-06-09,154.601,155.553,152.647,153.097,1276000,0.0,0.0
2017-06-12,153.097,155.175,152.821,154.199,1489800,2.0,0.0
2017-06-13,154.065,155.234,153.596,155.212,1431700,0.0,0.0
2017-06-14,154.951,157.104,154.579,156.314,1104400,0.0,0.0
2017-06-15,155.972,158.452,155.659,158.4,855100,0.0,0.0
2017-06-16,158.638,159.465,157.394,159.129,943800,0.0,0.0
2017-06-19,159.539,159.539,156.97,157.729,726600,0.0,0.0
2017-06-20,157.551,157.893,154.251,157.707,937300,0.0,0.0
2017-06-21,157.983,158.943,157.513,158.117,585900,0.0,0.0
2017-06-22,157.752,158.005,156.307,157.282,631900,0.0,0.0
2017-06-23,157.32,160.098,157.32,158.72,703800,0.0,0.0
2017-06-26,159.539,160.589,157.878,158.258,573900,0.0,0.0
2017-06-27,157.886,158.578,156.106,156.605,777300,0.0,0.0
2017-06-28,156.985,157.491,155.927,155.987,627400,0.0,0.0
2017-06-29,155.383,155.934,154.095,154.594,669700,0.0,0.0
2017-06-30,155.443,156.404,154.564,155.309,620900,0.0,0.0
2017-07-03,156.351,159.04,155.234,158.437,562900,0.0,0.0
2017-07-05,158.064,158.087,154.921,154.959,756100,0.0,0.0
2017-07-06,154.177,154.877,151.853,152.948,1028900,0.0,0.0
2017-07-07,153.238,154.691,152.821,154.192,509600,0.0,0.0
2017-07-10,154.192,154.311,151.302,151.466,700100,0.0,0.0
2017-07-11,151.913,152.255,150.825,151.384,669000,0.0,0.0
2017-07-12,152.374,154.065,151.913,153.73,648400,0.0,0.0
2017-07-13,153.722,154.534,152.479,152.546,740600,0.0,0.0
2017-07-14,153.559,155.257,153.529,154.676,566200,0.0,0.0
2017-07-17,154.735,156.21,154.139,154.609,660500,0.0,0.0
2017-07-18,154.408,155.741,152.94,154.326,917900,0.0,0.0
2017-07-19,154.512,155.234,154.214,154.743,887500,0.0,0.0
2017-07-20,154.646,155.495,153.559,154.564,703600,0.0,0.0
2017-07-21,154.378,155.771,154.318,155.614,439500,0.0,0.0
2017-07-24,155.599,155.852,154.333,155.659,643600,0.0,0.0
2017-07-25,155.845,155.845,153.439,154.705,871800,0.0,0.0
2017-07-26,154.624,157.342,154.266,156.448,964400,0.0,0.0
2017-07-27,147.496,150.445,143.109,147.675,3807200,0.0,0.0
2017-07-28,147.801,151.533,147.243,151.071,1490300,0.0,0.0
2017-07-31,151.25,153.588,150.244,153.104,1367700,0.0,0.0
2017-08-01,153.499,153.871,150.728,151.064,726900,0.0,0.0
2017-08-02,150.669,152.143,149.715,150.609,933800,0.0,0.0
2017-08-03,149.716,151.16,147.608,149.209,870000,0.0,0.0
2017-08-04,149.202,150.43,148.68,150.066,672200,0.0,0.0
2017-08-07,150.08,150.363,149.097,149.76,534700,0.0,0.0
2017-08-08,149.499,150.073,147.749,149.462,717400,0.0,0.0
2017-08-09,149.321,150.349,148.784,149.611,646000,0.0,0.0
2017-08-10,149.313,150.036,148.36,149.44,590500,0.0,0.0
2017-08-11,149.552,149.552,147.079,147.935,630300,0.0,0.0
2017-08-14,148.963,149.604,148.546,149.358,807300,0.0,0.0
2017-08-15,149.202,150.244,148.434,150.133,651200,0.0,0.0
2017-08-16,150.445,150.907,148.062,148.219,876500,0.0,0.0
2017-08-17,148.151,149.03,147.265,147.265,728700,0.0,0.0
2017-08-18,146.654,147.265,144.86,146.193,793800,0.0,0.0
2017-08-21,146.729,149.805,146.394,149.231,993000,0.0,0.0
2017-08-22,149.388,150.43,148.561,150.14,796900,0.0,0.0
2017-08-23,150.036,153.819,149.879,152.992,966300,0.0,0.0
2017-08-24,152.978,154.005,152.196,152.434,727600,0.0,0.0
2017-08-25,152.426,152.978,151.19,151.838,569300,0.0,0.0
2017-08-28,151.823,152.479,150.281,152.158,613500,0.0,0.0
2017-08-29,152.188,153.931,152.166,153.104,527500,0.0,0.0
2017-08-30,152.754,153.38,150.967,153.38,519500,0.0,0.0
2017-08-31,153.529,154.169,152.255,152.933,858100,0.0,0.0
2017-09-01,153.29,154.095,152.814,153.335,408200,0.0,0.0
2017-09-05,153.112,154.139,152.657,153.916,656300,0.0,0.0
2017-09-06,154.542,156.024,154.527,154.832,964400,0.0,0.0
2017-09-07,155.272,160.269,155.175,159.591,1413600,0.0,0.0
2017-09-08,159.569,163.799,159.509,162.593,1319800,0.0,0.0
2017-09-11,160.887,160.887,156.657,158.936,1583900,0.0,0.0
2017-09-12,158.259,158.274,155.665,156.064,1240100,2.0,0.0
2017-09-13,156.094,156.981,154.944,156.936,646200,0.0,0.0
2017-09-14,157.034,160.876,156.071,159.808,803100,0.0,0.0
2017-09-15,159.725,161.131,159.259,161.003,1032100,0.0,0.0
2017-09-18,160.898,162.695,160.898,162.281,796500,0.0,0.0
2017-09-19,162.387,162.785,161.545,162.184,763100,0.0,0.0
2017-09-20,162.364,162.838,159.868,160.973,704900,0.0,0.0
2017-09-21,160.898,162.988,160.424,161.545,672000,0.0,0.0
2017-09-22,161.936,162.582,160.229,160.673,500200,0.0,0.0
2017-09-25,160.507,161.981,159.815,161.048,530000,0.0,0.0
2017-09-26,161.372,162.281,160.868,160.988,675400,0.0,0.0
2017-09-27,160.552,160.552,157.748,159.372,730200,0.0,0.0
2017-09-28,159.176,160.139,157.643,159.951,548400,0.0,0.0
2017-09-29,159.951,161.221,158.831,160.883,909700,0.0,0.0
2017-10-02,161.304,161.988,160.447,161.101,771200,0.0,0.0
2017-10-03,161.432,161.996,159.74,160.079,573800,0.0,0.0
2017-10-04,159.846,160.921,159.109,160.793,527200,0.0,0.0
2017-10-05,161.274,162.048,160.424,160.65,680700,0.0,0.0
2017-10-06,160.139,160.906,159.101,160.455,847100,0.0,0.0
2017-10-09,160.297,161.68,159.154,160.763,635500,0.0,0.0
2017-10-10,160.838,162.297,159.109,160.154,807600,0.0,0.0
2017-10-11,160.139,161.8,159.124,161.402,783400,0.0,0.0
2017-10-12,161.342,163.086,161.244,163.003,541600,0.0,0.0
2017-10-13,163.522,165.048,162.642,164.319,1057600,0.0,0.0
2017-10-16,164.597,165.011,162.77,163.567,768100,0.0,0.0
2017-10-17,162.951,163.725,161.124,162.304,723300,0.0,0.0
2017-10-18,162.304,163.146,161.063,161.394,516400,0.0,0.0
2017-10-19,161.943,162.469,160.988,161.8,686600,0.0,0.0
2017-10-20,161.605,161.793,160.454,161.71,845000,0.0,0.0
2017-10-23,161.913,162.823,160.906,161.477,752800,0.0,0.0
2017-10-24,160.958,161.454,157.883,157.966,1070800,0.0,0.0
2017-10-25,158.582,158.988,156.53,157.883,1062400,0.0,0.0
2017-10-26,151.169,154.876,148.944,153.53,2974400,0.0,0.0
2017-10-27,153.034,156.109,152.666,155.553,1041400,0.0,0.0
2017-10-30,155.289,157.094,154.876,156.943,796600,0.0,0.0
2017-10-31,156.943,156.943,155.417,155.816,682100,0.0,0.0
2017-11-01,156.432,156.432,154.801,155.267,691400,0.0,0.0
2017-11-02,155.59,157.989,155.38,156.628,811700,0.0,0.0
2017-11-03,156.553,157.552,155.741,157.109,759600,0.0,0.0
2017-11-06,157.5,159.808,157.139,157.372,764300,0.0,0.0
2017-11-07,157.146,159.605,156.981,159.003,882200,0.0,0.0
2017-11-08,159.206,160.838,158.846,160.282,760300,0.0,0.0
2017-11-09,159.958,160.567,158.65,158.913,532500,0.0,0.0
2017-11-10,158.718,159.537,157.267,159.026,736600,0.0,0.0
2017-11-13,159.131,160.808,159.026,160.327,609500,0.0,0.0
2017-11-14,159.71,160.357,158.966,160.079,640900,0.0,0.0
2017-11-15,159.966,160.815,157.522,157.921,795700,0.0,0.0
2017-11-16,157.417,161.454,157.327,160.642,938600,0.0,0.0
2017-11-17,159.951,160.695,159.131,159.274,681500,0.0,0.0
2017-11-20,159.244,159.59,158.462,158.718,358400,0.0,0.0
2017-11-21,159.049,159.049,157.816,158.876,683700,0.0,0.0
2017-11-22,158.372,159.139,157.365,158.853,512000,0.0,0.0
2017-11-24,159.312,160.357,158.988,159.981,257000,0.0,0.0
2017-11-27,160.462,162.477,159.936,161.59,957800,0.0,0.0
2017-11-28,160.297,160.785,154.876,157.455,1566800,0.0,0.0
2017-11-29,157.034,159.199,156.177,158.079,827700,0.0,0.0
2017-11-30,158.417,160.522,157.71,160.229,1257700,0.0,0.0
2017-12-01,160.868,161.071,159.086,159.44,809800,0.0,0.0
2017-12-04,158.785,160.146,157.312,157.861,1133000,0.0,0.0
2017-12-05,159.53,159.861,157.853,158.673,676100,0.0,0.0
2017-12-06,158.785,160.319,158.387,159.237,821300,0.0,0.0
2017-12-07,158.973,159.079,156.372,156.635,815100,0.0,0.0
2017-12-08,156.906,159.086,156.568,158.515,691000,0.0,0.0
2017-12-11,158.222,159.169,157.304,159.146,721100,0.0,0.0
2017-12-12,159.146,161.218,159.116,160.695,759700,2.0,0.0
2017-12-13,160.353,161.666,160.179,161.332,730400,0.0,0.0
2017-12-14,160.975,161.659,159.716,160.163,525800,0.0,0.0
2017-12-15,161.431,161.446,159.526,160.573,1158900,0.0,0.0
2017-12-18,160.907,163.526,160.695,160.975,823300,0.0,0.0
2017-12-19,160.983,161.325,157.773,158.031,713500,0.0,0.0
2017-12-20,157.871,158.516,155.609,155.708,801500,0.0,0.0
2017-12-21,156.277,156.277,154.539,154.623,645000,0.0,0.0
2017-12-22,155.412,156.786,155.139,156.33,500800,0.0,0.0
2017-12-26,156.786,158.585,156.771,157.894,331700,0.0,0.0
2017-12-27,158.289,159.04,158.084,158.843,379300,0.0,0.0
2017-12-28,158.721,159.374,157.947,158.812,666700,0.0,0.0
2017-12-29,159.184,159.807,158.349,158.63,620100,0.0,0.0
2018-01-02,159.427,159.518,156.034,156.596,812300,0.0,0.0
2018-01-03,156.619,157.613,156.156,156.938,580000,0.0,0.0
2018-01-04,156.277,157.12,153.75,154.16,799600,0.0,0.0
2018-01-05,154.327,154.866,153.097,153.257,644600,0.0,0.0
2018-01-08,153.386,154.949,153.272,154.479,768600,0.0,0.0
2018-01-09,154.888,154.987,152.49,152.672,659300,0.0,0.0
2018-01-10,151.549,151.852,148.232,148.847,1133200,0.0,0.0
2018-01-11,149.37,149.803,148.012,148.854,1093600,0.0,0.0
2018-01-12,148.778,149.143,146.79,146.904,957400,0.0,0.0
2018-01-16,147.397,150.608,146.881,147.055,1034200,0.0,0.0
2018-01-17,147.852,149.537,147.579,148.528,737900,0.0,0.0
2018-01-18,148.095,148.52,146.183,146.676,1241000,0.0,0.0
2018-01-19,147.177,147.625,146.259,146.911,646100,0.0,0.0
2018-01-22,147.352,147.716,146.114,147.078,909600,0.0,0.0
2018-01-23,147.245,150.699,146.911,150.35,982000,0.0,0.0
2018-01-24,150.145,150.289,147.481,147.944,687000,0.0,0.0
2018-01-25,147.245,147.837,144.832,146.16,855500,0.0,0.0
2018-01-26,146.691,147.002,144.741,146.372,1083200,0.0,0.0
2018-01-29,146.107,146.433,144.323,146.137,1121900,0.0,0.0
2018-01-30,146.137,147.465,144.407,146.942,1535500,0.0,0.0
2018-01-31,146.858,148.581,145.636,148.581,2749400,0.0,0.0
2018-02-01,148.839,149.203,144.748,144.953,1125600,0.0,0.0
2018-02-02,144.285,145.689,142.987,144.445,974000,0.0,0.0
2018-02-05,143.807,145.522,139.101,140.399,1088800,0.0,0.0
2018-02-06,138.881,142.001,137.325,140.718,1566400,0.0,0.0
2018-02-07,140.149,143.162,139.473,140.68,1021700,0.0,0.0
2018-02-08,140.68,141.135,136.984,136.991,1213700,0.0,0.0
2018-02-09,137.948,143.223,137.158,142.054,2002100,0.0,0.0
2018-02-12,142.41,143.124,138.843,142.555,1405600,0.0,0.0
2018-02-13,142.653,144.422,142.312,143.602,1054500,0.0,0.0
2018-02-14,142.547,142.805,140.179,141.765,963800,0.0,0.0
2018-02-15,142.327,145.234,141.932,144.574,931900,0.0,0.0
2018-02-16,144.194,144.938,141.947,143.261,1112600,0.0,0.0
2018-02-20,142.41,144.399,141.105,141.409,1377200,0.0,0.0
2018-02-21,141.91,147.412,140.999,144.779,2526900,0.0,0.0
2018-02-22,145.446,147.526,144.794,146.593,1466500,0.0,0.0
2018-02-23,146.737,148.566,146.365,148.52,778200,0.0,0.0
2018-02-26,148.801,149.833,146.722,148.672,879900,0.0,0.0
2018-02-27,149.173,150.084,146.122,146.426,979400,0.0,0.0
2018-02-28,147.109,149.279,146.577,147.579,1152600,0.0,0.0
2018-03-01,147.427,150.653,146.547,148.847,1195900,0.0,0.0
2018-03-02,148.9,149.985,146.357,148.004,950600,0.0,0.0
2018-03-05,148.073,151.04,148.073,149.788,1146900,0.0,0.0
2018-03-06,149.37,151.101,148.323,150.403,711800,0.0,0.0
2018-03-07,149.773,150.972,149.067,150.289,583900,0.0,0.0
2018-03-08,150.388,152.171,149.621,151.655,756600,0.0,0.0
2018-03-09,151.86,152.103,150.031,151.769,884100,0.0,0.0
2018-03-12,151.769,152.11,150.706,151.351,1004300,0.0,0.0
2018-03-13,151.804,152.57,150.853,151.344,1022200,2.0,0.0
2018-03-14,151.712,152.172,147.97,149.205,1903300,0.0,0.0
2018-03-15,149.335,149.787,148.522,149.634,675900,0.0,0.0
2018-03-16,149.902,151.957,149.711,151.811,1136300,0.0,0.0
2018-03-19,151.834,151.865,149.925,150.822,840200,0.0,0.0
2018-03-20,150.96,152.302,150.669,151.827,886800,0.0,0.0
2018-03-21,151.995,153.03,150.385,152.202,1108300,0.0,0.0
2018-03-22,152.049,153.261,149.971,150.033,1045900,0.0,0.0
2018-03-23,150.048,151.259,147.71,148.009,850400,0.0,0.0
2018-03-26,148.952,150.991,148.369,150.738,703800,0.0,0.0
2018-03-27,151.037,153.207,148.936,151.88,921700,0.0,0.0
2018-03-28,152.31,156.266,151.819,154.963,1249500,0.0,0.0
2018-03-29,154.94,155.561,152.77,153.636,986800,0.0,0.0
2018-04-02,154.142,154.786,151.819,152.885,762700,0.0,0.0
2018-04-03,152.892,154.618,151.252,153.812,694600,0.0,0.0
2018-04-04,153.606,156.979,153.099,156.435,896200,0.0,0.0
2018-04-05,156.09,156.09,152.862,154.38,863300,0.0,0.0
2018-04-06,154.564,155.515,152.425,152.785,724200,0.0,0.0
2018-04-09,153.03,154.564,152.409,153.199,806500,0.0,0.0
2018-04-10,153.299,155.024,153.084,153.682,701500,0.0,0.0
2018-04-11,153.261,154.541,152.187,152.325,581900,0.0,0.0
2018-04-12,152.333,152.471,149.803,150.508,718200,0.0,0.0
2018-04-13,150.838,151.29,149.803,151.252,654700,0.0,0.0
2018-04-16,151.995,152.417,150.539,151.106,755600,0.0,0.0
2018-04-17,151.804,153.007,150.93,152.241,778300,0.0,0.0
2018-04-18,152.701,152.862,151.497,151.742,596400,0.0,0.0
2018-04-19,151.313,151.42,147.403,148.576,734500,0.0,0.0
2018-04-20,149.067,149.343,147.365,147.779,970000,0.0,0.0
2018-04-23,148.231,148.285,147.219,147.886,786500,0.0,0.0
2018-04-24,147.533,149.143,147.242,148.553,998400,0.0,0.0
2018-04-25,148.269,149.588,147.349,148.515,748600,0.0,0.0
2018-04-26,150.654,155.729,150.01,153.199,1829300,0.0,0.0
2018-04-27,152.762,155.821,152.095,155.216,748000,0.0,0.0
2018-04-30,155.906,156.389,154.541,154.702,896500,0.0,0.0
2018-05-01,154.748,157.669,153.858,156.787,1253200,0.0,0.0
2018-05-02,155.844,157.937,154.188,156.933,858500,0.0,0.0
2018-05-03,157.309,158.896,156.327,157.868,1156500,0.0,0.0
2018-05-04,157.615,159.524,157.232,159.003,495100,0.0,0.0
2018-05-07,158.965,161.188,158.006,160.989,851000,0.0,0.0
2018-05-08,161.004,161.648,160.368,161.027,1118000,0.0,0.0
2018-05-09,161.372,162.215,160.391,162.185,549800,0.0,0.0
2018-05-10,162.836,164.009,162.154,162.422,653900,0.0,0.0
2018-05-11,163.059,163.419,161.978,162.231,698200,0.0,0.0
2018-05-14,162.131,163.066,159.478,160.575,658700,0.0,0.0
2018-05-15,159.317,160.13,157.408,157.868,957300,0.0,0.0
2018-05-16,158.673,159.064,156.971,157.631,598800,0.0,0.0
2018-05-17,156.879,157.631,155.875,156.281,597700,0.0,0.0
2018-05-18,156.481,157.186,154.748,156.09,784100,0.0,0.0
2018-05-21,156.481,157.838,155.162,157.094,563200,0.0,0.0
2018-05-22,156.979,157.37,155.929,156.488,616100,0.0,0.0
2018-05-23,157.071,159.325,157.017,158.451,571700,0.0,0.0
2018-05-24,158.658,159.31,157.914,158.811,563900,0.0,0.0
2018-05-25,159.563,160.483,158.888,159.846,439700,0.0,0.0
2018-05-29,159.831,160.958,159.057,160.889,883200,0.0,0.0
2018-05-30,160.713,163.204,160.291,162.714,506800,0.0,0.0
2018-05-31,161.778,163.059,160.897,162.415,1553200,0.0,0.0
2018-06-01,162.499,162.622,161.004,162.246,559800,0.0,0.0
2018-06-04,162.921,164.109,162.024,164.109,582000,0.0,0.0
2018-06-05,164.308,165.144,163.089,163.212,810700,0.0,0.0
2018-06-06,162.967,164.492,162.56,163.764,695700,0.0,0.0
2018-06-07,164.232,165.251,163.381,164.945,834300,0.0,0.0
2018-06-08,165.129,166.187,164.316,166.026,769700,0.0,0.0
2018-06-11,166.072,166.632,165.175,166.095,767700,0.0,0.0
2018-06-12,165.986,167.65,165.422,167.085,813300,2.0,0.0
2018-06-13,167.635,168.3,164.122,164.3,701600,0.0,0.0
2018-06-14,164.447,166.838,164.447,165.956,634700,0.0,0.0
2018-06-15,166.412,167.728,165.406,165.615,1313900,0.0,0.0
2018-06-18,165.538,166.853,164.671,166.126,627300,0.0,0.0
2018-06-19,165.197,168.966,165.151,167.975,1145400,0.0,0.0
2018-06-20,168.029,169.546,167.526,169.105,757400,0.0,0.0
2018-06-21,168.904,171.813,168.641,171.666,1002000,0.0,0.0
2018-06-22,171.635,175.079,171.171,174.855,1176300,0.0,0.0
2018-06-25,174.383,175.079,172.889,174.615,1137700,0.0,0.0
2018-06-26,174.754,177.764,173.756,177.207,1732200,0.0,0.0
2018-06-27,177.199,178.051,175.528,175.814,1251500,0.0,0.0
2018-06-28,175.497,177.687,175.497,177.153,817700,0.0,0.0
2018-06-29,176.48,177.571,174.847,175.551,1237800,0.0,0.0
2018-07-02,175.551,176.967,173.09,175.149,710700,0.0,0.0
2018-07-03,175.334,178.708,174.344,177.548,578000,0.0,0.0
2018-07-05,177.54,180.248,177.106,180.078,717500,0.0,0.0
2018-07-06,180.418,181.773,178.979,179.691,933300,0.0,0.0
2018-07-09,179.83,179.83,175.551,177.702,1002000,0.0,0.0
2018-07-10,178.236,179.761,177.176,178.53,882000,0.0,0.0
2018-07-11,178.105,179.08,177.3,177.648,818000,0.0,0.0
2018-07-12,178.182,178.376,177.168,177.609,757300,0.0,0.0
2018-07-13,177.934,178.546,176.186,176.495,500600,0.0,0.0
2018-07-16,174.886,175.45,172.959,174.53,842700,0.0,0.0
2018-07-17,174.994,175.241,169.801,170.026,1525100,0.0,0.0
2018-07-18,169.902,170.769,168.525,169.577,972900,0.0,0.0
2018-07-19,169.577,172.866,169.461,172.146,953100,0.0,0.0
2018-07-20,172.146,172.146,170.421,171.883,590900,0.0,0.0
2018-07-23,171.527,172.061,170.212,170.722,561800,0.0,0.0
2018-07-24,170.521,171.202,169.322,169.732,890500,0.0,0.0
2018-07-25,170.219,170.568,169.329,169.987,1085000,0.0,0.0
2018-07-26,170.831,171.496,169.113,169.531,853200,0.0,0.0
2018-07-27,170.219,170.219,165.979,166.652,1127500,0.0,0.0
2018-07-30,167.364,167.836,165.677,165.986,1116300,0.0,0.0
2018-07-31,166.613,168.734,166.219,168.563,2450300,0.0,0.0
2018-08-01,163.286,168.625,162.798,168.293,2014200,0.0,0.0
2018-08-02,155.578,164.129,155.578,162.667,2055000,0.0,0.0
2018-08-03,163.123,166.76,163.077,165.584,1604800,0.0,0.0
2018-08-06,165.584,167.565,165.197,167.008,790100,0.0,0.0
2018-08-07,167.023,168.262,166.257,167.805,680800,0.0,0.0
2018-08-08,167.859,169.36,167.178,168.091,857200,0.0,0.0
2018-08-09,168.316,168.826,166.497,166.985,675000,0.0,0.0
2018-08-10,166.52,168.099,165.778,166.164,526700,0.0,0.0
2018-08-13,166.164,167.542,165.754,166.528,499300,0.0,0.0
2018-08-14,166.312,167.588,166.025,167.093,670500,0.0,0.0
2018-08-15,167.426,169.84,166.884,169.631,831900,0.0,0.0
2018-08-16,169.569,171.45,169.291,170.916,710000,0.0,0.0
2018-08-17,171.442,173.206,170.978,173.005,1388100,0.0,0.0
2018-08-20,172.928,174.336,171.813,172.162,695100,0.0,0.0
2018-08-21,172.046,172.34,170.815,170.908,635800,0.0,0.0
2018-08-22,166.776,167.782,162.481,163.309,1547100,0.0,0.0
2018-08-23,163.278,164.013,163.054,163.797,657200,0.0,0.0
2018-08-24,163.797,165.661,163.665,165.058,451800,0.0,0.0
2018-08-27,165.538,166.095,163.177,164.818,769900,0.0,0.0
2018-08-28,164.841,166.149,163.611,166.11,712700,0.0,0.0
2018-08-29,166.211,166.242,164.423,164.578,673000,0.0,0.0
2018-08-30,164.671,164.911,163.27,163.781,886200,0.0,0.0
2018-08-31,164.052,165.228,163.595,164.501,973000,0.0,0.0
2018-09-04,164.756,165.692,164.369,164.903,1090500,0.0,0.0
2018-09-05,164.547,167.116,163.758,166.915,805000,0.0,0.0
2018-09-06,167.155,167.875,166.149,166.18,715300,0.0,0.0
2018-09-07,165.22,165.367,161.599,161.816,972600,0.0,0.0
2018-09-10,163.061,164.423,162.798,163.827,867700,0.0,0.0
2018-09-11,163.21,164.546,162.632,162.757,699000,2.0,0.0
2018-09-12,162.679,164.765,161.859,163.874,759400,0.0,0.0
2018-09-13,164.445,164.999,163.624,163.992,843800,0.0,0.0
2018-09-14,163.499,163.656,160.468,161.382,1009100,0.0,0.0
2018-09-17,161.609,163.07,160.89,162.663,997000,0.0,0.0
2018-09-18,162.749,163.406,160.273,160.492,700600,0.0,0.0
2018-09-19,160.757,160.757,158.757,159.445,864900,0.0,0.0
2018-09-20,159.734,160.273,158.625,160.164,660000,0.0,0.0
2018-09-21,159.906,160.882,159.156,159.546,1308200,0.0,0.0
2018-09-24,159.585,159.82,157.031,157.75,893800,0.0,0.0
2018-09-25,158.281,159.656,157.898,158.086,668500,0.0,0.0
2018-09-26,158.468,158.945,156.992,157.14,722600,0.0,0.0
2018-09-27,157.406,158.132,155.578,155.844,771800,0.0,0.0
2018-09-28,156.054,157.601,155.781,157.515,937400,0.0,0.0
2018-10-01,157.968,157.968,155.578,155.609,639600,0.0,0.0
2018-10-02,156.0,156.89,155.633,156.429,576500,0.0,0.0
2018-10-03,156.703,157.265,152.836,154.437,1166100,0.0,0.0
2018-10-04,153.437,154.601,152.172,154.492,879200,0.0,0.0
2018-10-05,154.797,156.187,154.187,155.469,1307500,0.0,0.0
2018-10-08,155.625,158.203,155.554,157.172,986900,0.0,0.0
2018-10-09,157.375,157.375,156.047,156.976,849700,0.0,0.0
2018-10-10,156.672,157.883,155.117,155.211,675700,0.0,0.0
2018-10-11,156.148,156.242,152.594,152.867,1177800,0.0,0.0
2018-10-12,153.273,154.226,151.969,153.781,1154900,0.0,0.0
2018-10-15,153.383,156.429,153.359,154.89,669100,0.0,0.0
2018-10-16,155.039,156.07,154.461,155.547,840700,0.0,0.0
2018-10-17,155.531,155.851,153.672,154.781,742500,0.0,0.0
2018-10-18,154.758,155.992,153.766,154.789,807300,0.0,0.0
2018-10-19,155.031,156.75,153.859,156.211,1182600,0.0,0.0
2018-10-22,156.625,157.937,153.453,153.562,819100,0.0,0.0
2018-10-23,153.391,155.57,151.625,154.383,1376000,0.0,0.0
2018-10-24,154.789,158.89,153.984,156.797,1066500,0.0,0.0
2018-10-25,156.133,158.82,155.445,157.593,776100,0.0,0.0
2018-10-26,157.789,158.406,155.086,156.883,1003300,0.0,0.0
2018-10-29,157.937,161.484,157.64,160.96,1333400,0.0,0.0
2018-10-30,160.929,164.21,160.211,162.265,1984500,0.0,0.0
2018-10-31,162.648,165.226,159.937,160.515,1885900,0.0,0.0
2018-11-01,160.796,163.265,160.015,161.015,883800,0.0,0.0
2018-11-02,160.929,160.929,154.453,155.64,1797700,0.0,0.0
2018-11-05,155.75,158.578,155.75,157.492,1212200,0.0,0.0
2018-11-06,157.742,158.929,157.632,158.429,1051700,0.0,0.0
2018-11-07,158.976,159.5,157.312,158.945,1120800,0.0,0.0
2018-11-08,158.492,160.218,158.101,160.179,845700,0.0,0.0
2018-11-09,160.328,162.421,160.226,161.203,839700,0.0,0.0
2018-11-12,161.617,164.163,161.617,162.351,775100,0.0,0.0
2018-11-13,162.304,163.195,161.093,162.788,664200,0.0,0.0
2018-11-14,163.234,164.866,162.828,163.367,808000,0.0,0.0
2018-11-15,162.828,163.476,161.679,161.984,901900,0.0,0.0
2018-11-16,161.828,165.163,161.414,165.124,828100,0.0,0.0
2018-11-19,165.382,166.476,164.031,165.663,731200,0.0,0.0
2018-11-20,166.281,167.952,164.359,165.015,892900,0.0,0.0
2018-11-21,164.32,165.351,163.023,163.038,677700,0.0,0.0
2018-11-23,163.195,163.195,161.71,162.226,336600,0.0,0.0
2018-11-26,162.624,162.804,161.148,161.445,802500,0.0,0.0
2018-11-27,161.757,163.156,160.546,162.968,671000,0.0,0.0
2018-11-28,162.749,164.913,162.46,164.343,657600,0.0,0.0
2018-11-29,164.335,166.499,163.054,165.507,865100,0.0,0.0
2018-11-30,166.249,166.624,164.546,166.601,1703900,0.0,0.0
2018-12-03,166.593,167.484,164.773,165.945,1355900,0.0,0.0
2018-12-04,166.046,168.819,164.874,165.468,1086200,0.0,0.0
2018-12-06,164.874,169.288,164.046,168.921,2026100,0.0,0.0
2018-12-07,168.491,168.499,166.038,167.288,1486700,0.0,0.0
2018-12-10,167.382,167.734,165.085,167.132,774500,0.0,0.0
2018-12-11,167.992,169.127,166.162,166.186,1623000,2.0,0.0
2018-12-12,166.446,167.408,161.044,161.099,1619400,0.0,0.0
2018-12-13,159.491,161.817,156.557,156.967,2154500,0.0,0.0
2018-12-14,157.022,160.926,156.817,160.453,1598700,0.0,0.0
2018-12-17,160.484,161.107,157.054,157.377,1642900,0.0,0.0
2018-12-18,158.229,161.785,158.229,160.981,1515600,0.0,0.0
2018-12-19,160.76,162.14,159.491,160.279,1186900,0.0,0.0
2018-12-20,159.806,161.785,158.552,160.027,1364100,0.0,0.0
2018-12-21,160.784,165.074,159.506,160.319,2540500,0.0,0.0
2018-12-24,160.121,160.879,155.059,155.09,829300,0.0,0.0
2018-12-26,155.153,158.245,154.349,158.032,1014400,0.0,0.0
2018-12-27,158.032,159.191,154.325,159.065,1036100,0.0,0.0
2018-12-28,159.972,161.73,158.56,159.215,1208400,0.0,0.0
2018-12-31,159.443,159.924,157.803,159.617,1215100,0.0,0.0
2019-01-02,158.426,158.663,152.898,153.821,1222700,0.0,0.0
2019-01-03,153.868,158.237,153.829,156.77,1217000,0.0,0.0
2019-01-04,156.478,157.992,154.665,155.035,978500,0.0,0.0
2019-01-07,154.877,156.478,153.876,154.601,732700,0.0,0.0
2019-01-08,154.223,157.393,154.223,157.377,1135600,0.0,0.0
2019-01-09,158.189,158.229,154.846,156.281,713100,0.0,0.0
2019-01-10,156.636,159.546,156.376,158.442,964500,0.0,0.0
2019-01-11,158.497,159.286,157.795,158.268,829100,0.0,0.0
2019-01-14,158.371,160.169,157.527,158.465,741300,0.0,0.0
2019-01-15,158.742,161.028,158.592,160.879,484500,0.0,0.0
2019-01-16,160.39,161.525,158.994,161.115,556900,0.0,0.0
2019-01-17,160.847,161.912,159.964,161.612,483100,0.0,0.0
2019-01-18,161.659,161.659,159.625,160.185,669700,0.0,0.0
2019-01-22,160.374,160.476,157.645,158.907,919400,0.0,0.0
2019-01-23,158.615,159.278,156.47,159.159,918200,0.0,0.0
2019-01-24,159.475,161.36,158.71,159.79,630800,0.0,0.0
2019-01-25,159.956,162.196,159.956,162.164,884500,0.0,0.0
2019-01-28,162.408,164.411,161.399,164.183,919200,0.0,0.0
2019-01-29,164.451,166.004,163.654,165.918,845200,0.0,0.0
2019-01-30,165.318,167.156,165.09,165.799,753800,0.0,0.0
2019-01-31,165.657,167.834,164.94,167.589,848300,0.0,0.0
2019-02-01,167.597,168.078,163.647,165.208,652900,0.0,0.0
2019-02-04,164.798,165.452,163.97,164.956,854700,0.0,0.0
2019-02-05,164.956,165.192,163.576,164.798,1139300,0.0,0.0
2019-02-06,165.216,165.216,163.828,164.451,868700,0.0,0.0
2019-02-07,164.451,165.586,163.646,165.476,1286300,0.0,0.0
2019-02-08,165.389,167.574,165.011,166.052,1148300,0.0,0.0
2019-02-11,165.634,166.501,165.2,166.004,748400,0.0,0.0
2019-02-12,165.784,165.855,163.544,163.82,1013900,0.0,0.0
2019-02-13,163.473,164.498,162.606,163.993,608600,0.0,0.0
2019-02-14,164.269,164.75,163.0,164.143,454900,0.0,0.0
2019-02-15,164.798,164.845,163.378,163.82,641800,0.0,0.0
2019-02-19,164.025,164.198,163.213,163.954,774600,0.0,0.0
2019-02-20,163.875,163.875,161.115,162.148,898000,0.0,0.0
2019-02-21,160.161,160.492,157.346,158.095,1306300,0.0,0.0
2019-02-22,158.371,159.711,157.566,158.615,780200,0.0,0.0
2019-02-25,158.789,159.301,157.393,158.828,945500,0.0,0.0
2019-02-26,159.238,160.248,158.324,159.846,818700,0.0,0.0
2019-02-27,160.24,165.957,159.83,165.295,1908600,0.0,0.0
2019-02-28,165.216,168.007,164.538,166.777,1813900,0.0,0.0
2019-03-01,166.422,167.771,165.011,167.179,1001500,0.0,0.0
2019-03-04,167.597,167.889,165.184,167.455,1048100,0.0,0.0
2019-03-05,166.848,168.701,166.848,168.086,595000,0.0,0.0
2019-03-06,168.323,169.111,167.416,168.133,838400,0.0,0.0
2019-03-07,168.63,169.6,168.299,168.891,1025500,0.0,0.0
2019-03-08,169.174,170.326,167.944,169.009,1057700,0.0,0.0
2019-03-11,169.332,172.597,169.332,172.573,956700,0.0,0.0
2019-03-12,173.114,174.117,172.406,173.711,1415900,2.0,0.0
2019-03-13,174.085,175.295,173.441,174.404,836100,0.0,0.0
2019-03-14,174.889,175.2,173.727,173.95,1518100,0.0,0.0
2019-03-15,173.982,174.061,171.897,173.194,1677900,0.0,0.0
2019-03-18,172.955,173.751,172.342,173.305,833200,0.0,0.0
2019-03-19,171.539,173.186,171.34,173.083,970900,0.0,0.0
2019-03-20,173.361,175.327,172.358,174.173,1213900,0.0,0.0
2019-03-21,174.117,176.775,173.544,176.696,783000,0.0,0.0
2019-03-22,177.03,179.911,176.696,176.775,1197600,0.0,0.0
2019-03-25,177.181,179.028,176.791,178.463,739800,0.0,0.0
2019-03-26,175.892,176.982,174.826,175.263,1109300,0.0,0.0
2019-03-27,175.184,175.701,173.313,174.451,1262100,0.0,0.0
2019-03-28,174.818,175.367,174.014,174.292,959500,0.0,0.0
2019-03-29,174.308,174.634,173.122,173.321,1043700,0.0,0.0
2019-04-01,172.979,173.926,171.984,173.743,777900,0.0,0.0
2019-04-02,173.934,174.794,172.295,174.635,695900,0.0,0.0
2019-04-03,174.507,175.2,172.693,174.221,577200,0.0,0.0
2019-04-04,174.682,174.682,172.661,173.274,734300,0.0,0.0
2019-04-05,173.154,174.077,172.86,173.95,679100,0.0,0.0
2019-04-08,173.831,173.855,172.43,173.496,604900,0.0,0.0
2019-04-09,175.16,175.733,174.3,174.611,791200,0.0,0.0
2019-04-10,175.391,175.391,173.87,174.69,563000,0.0,0.0
2019-04-11,174.738,175.932,173.974,174.802,450700,0.0,0.0
2019-04-12,174.38,176.513,173.393,176.489,553400,0.0,0.0
2019-04-15,176.688,177.062,174.563,175.526,513600,0.0,0.0
2019-04-16,175.597,176.067,172.056,173.051,685600,0.0,0.0
2019-04-17,173.425,173.56,171.706,172.454,673100,0.0,0.0
2019-04-18,172.717,173.847,171.905,173.059,866300,0.0,0.0
2019-04-22,172.621,172.772,169.239,170.592,920200,0.0,0.0
2019-04-23,171.109,172.151,170.289,171.905,1026700,0.0,0.0
2019-04-24,172.51,173.99,171.65,173.672,640200,0.0,0.0
2019-04-25,172.963,173.186,171.785,172.533,821100,0.0,0.0
2019-04-26,173.154,174.746,172.024,174.252,699500,0.0,0.0
2019-04-29,174.038,175.032,172.494,172.852,677800,0.0,0.0
2019-04-30,173.027,176.545,171.332,176.027,1018300,0.0,0.0
2019-05-01,175.844,178.781,175.422,176.688,859400,0.0,0.0
2019-05-02,177.133,182.004,176.863,180.548,1122700,0.0,0.0
2019-05-03,181.057,181.781,179.473,180.46,462100,0.0,0.0
2019-05-06,179.067,181.55,178.184,180.516,712200,0.0,0.0
2019-05-07,180.572,180.723,176.035,177.181,691400,0.0,0.0
2019-05-08,179.728,180.444,176.648,176.927,972700,0.0,0.0
2019-05-09,177.317,178.311,176.322,177.388,978600,0.0,0.0
2019-05-10,177.858,179.823,177.738,179.473,731700,0.0,0.0
2019-05-13,178.964,182.283,178.876,182.012,763500,0.0,0.0
2019-05-14,181.55,182.665,180.484,181.216,622500,0.0,0.0
2019-05-15,181.113,182.816,180.651,181.813,595200,0.0,0.0
2019-05-16,181.71,182.466,181.129,182.346,640600,0.0,0.0
2019-05-17,181.909,183.349,181.232,183.142,671700,0.0,0.0
2019-05-20,183.445,184.567,182.887,183.476,738100,0.0,0.0
2019-05-21,182.983,184.543,182.872,183.787,466900,0.0,0.0
2019-05-22,184.145,185.259,183.381,184.447,431600,0.0,0.0
2019-05-23,184.463,187.456,184.328,186.572,724200,0.0,0.0
2019-05-24,187.257,188.594,187.257,188.005,535700,0.0,0.0
2019-05-28,189.016,189.382,185.649,185.649,781500,0.0,0.0
2019-05-29,186.103,186.54,183.373,184.248,634200,0.0,0.0
2019-05-30,184.376,186.095,184.376,185.641,526400,0.0,0.0
2019-05-31,185.681,189.843,185.681,189.318,1026900,0.0,0.0
2019-06-03,189.549,191.403,189.016,190.958,1073400,0.0,0.0
2019-06-04,190.249,190.862,187.687,189.175,1184700,0.0,0.0
2019-06-05,190.066,194.929,189.191,194.897,1297000,0.0,0.0
2019-06-06,194.618,195.327,193.13,194.762,759800,0.0,0.0
2019-06-07,195.677,197.078,194.937,195.152,641200,0.0,0.0
2019-06-10,195.303,195.303,192.645,193.966,736500,0.0,0.0
2019-06-11,194.688,194.929,191.711,193.268,699100,2.0,0.0
2019-06-12,194.199,196.012,193.549,194.134,487800,0.0,0.0
2019-06-13,193.966,194.56,192.971,194.399,427700,0.0,0.0
2019-06-14,194.311,195.691,193.468,195.242,549900,0.0,0.0
2019-06-17,195.723,196.895,194.857,195.956,654000,0.0,0.0
2019-06-18,196.542,197.472,192.602,193.781,735200,0.0,0.0
2019-06-19,193.589,195.258,190.957,194.447,680600,0.0,0.0
2019-06-20,195.274,196.453,194.359,194.576,631400,0.0,0.0
2019-06-21,194.022,194.022,191.671,192.987,1237200,0.0,0.0
2019-06-24,193.388,194.03,192.0,192.473,666400,0.0,0.0
2019-06-25,193.26,193.725,191.069,191.318,630000,0.0,0.0
2019-06-26,191.021,191.173,186.471,187.867,772900,0.0,0.0
2019-06-27,188.541,190.25,188.541,190.21,555100,0.0,0.0
2019-06-28,190.074,192.2,190.074,191.117,1327300,0.0,0.0
2019-07-01,192.08,192.08,187.586,189.737,686300,0.0,0.0
2019-07-02,191.382,195.916,191.382,194.6,1525900,0.0,0.0
2019-07-03,195.482,198.941,195.025,198.676,941400,0.0,0.0
2019-07-05,196.598,198.339,194.471,196.774,833800,0.0,0.0
2019-07-08,197.055,199.077,196.477,197.914,919800,0.0,0.0
2019-07-09,198.331,199.302,197.673,198.612,646900,0.0,0.0
2019-07-10,199.198,200.522,197.93,200.265,706800,0.0,0.0
2019-07-11,199.775,200.923,198.146,199.511,944100,0.0,0.0
2019-07-12,199.984,200.113,198.516,199.551,421800,0.0,0.0
2019-07-15,200.353,201.637,199.214,200.313,568800,0.0,0.0
2019-07-16,200.369,201.148,199.31,199.792,603400,0.0,0.0
2019-07-17,200.803,200.803,198.203,199.583,516200,0.0,0.0
2019-07-18,198.933,199.848,197.625,198.644,767900,0.0,0.0
2019-07-19,199.808,200.137,195.787,195.86,922800,0.0,0.0
2019-07-22,196.437,196.437,194.479,194.68,701100,0.0,0.0
2019-07-23,194.945,196.389,194.182,196.02,759800,0.0,0.0
2019-07-24,196.429,196.429,193.894,194.359,695900,0.0,0.0
2019-07-25,193.388,194.648,191.92,194.271,722400,0.0,0.0
2019-07-26,194.552,194.985,191.213,192.128,952000,0.0,0.0
2019-07-29,192.931,195.434,192.57,194.792,1138000,0.0,0.0
2019-07-30,194.784,196.59,193.252,195.073,952600,0.0,0.0
2019-07-31,195.787,198.443,194.263,194.8,1166600,0.0,0.0
2019-08-01,194.744,198.861,194.19,197.697,886300,0.0,0.0
2019-08-02,198.508,201.709,197.713,200.241,736200,0.0,0.0
2019-08-05,200.265,201.22,194.865,197.2,740600,0.0,0.0
2019-08-06,196.614,202.199,195.619,200.674,805800,0.0,0.0
2019-08-07,200.714,205.457,199.679,203.996,1256400,0.0,0.0
2019-08-08,203.282,205.746,202.223,205.425,714400,0.0,0.0
2019-08-09,205.986,207.599,204.582,206.267,890400,0.0,0.0
2019-08-12,205.898,208.065,205.417,207.583,637500,0.0,0.0
2019-08-13,206.941,207.96,204.799,207.254,838800,0.0,0.0
2019-08-14,207.8,208.771,204.807,205.136,997400,0.0,0.0
2019-08-15,205.328,208.875,204.791,208.594,695200,0.0,0.0
2019-08-16,208.634,209.485,207.551,207.655,699500,0.0,0.0
2019-08-19,208.033,210.015,206.701,209.485,810200,0.0,0.0
2019-08-20,210.568,211.018,208.803,209.068,611100,0.0,0.0
2019-08-21,209.654,210.913,207.976,209.485,461100,0.0,0.0
2019-08-22,209.621,210.641,209.076,210.151,522400,0.0,0.0
2019-08-23,210.36,212.294,207.286,208.233,768600,0.0,0.0
2019-08-26,207.936,209.886,207.856,209.67,375300,0.0,0.0
2019-08-27,210.223,212.35,209.838,210.424,727800,0.0,0.0
2019-08-28,210.472,211.973,209.557,210.191,615400,0.0,0.0
2019-08-29,210.255,211.09,209.22,210.432,604400,0.0,0.0
2019-08-30,210.865,212.887,210.536,212.438,781300,0.0,0.0
2019-09-03,211.94,214.059,210.175,210.36,1221900,0.0,0.0
2019-09-04,210.352,211.997,209.196,211.9,1153600,0.0,0.0
2019-09-05,211.274,211.274,206.893,207.238,990200,0.0,0.0
2019-09-06,207.447,208.113,205.689,206.628,831500,0.0,0.0
2019-09-09,206.741,206.981,203.996,204.47,1579200,0.0,0.0
2019-09-10,204.221,204.414,199.085,200.61,1613700,0.0,0.0
2019-09-11,200.788,202.001,198.79,201.977,972800,2.0,0.0
2019-09-12,203.676,205.375,201.168,201.888,952300,0.0,0.0
2019-09-13,200.95,201.362,196.897,196.929,1225700,0.0,0.0
2019-09-16,198.547,200.206,197.213,200.084,972600,0.0,0.0
2019-09-17,200.61,203.061,199.639,202.899,1091800,0.0,0.0
2019-09-18,203.482,203.757,200.497,202.608,1059500,0.0,0.0
2019-09-19,203.385,204.477,202.026,202.543,707100,0.0,0.0
2019-09-20,202.616,203.789,200.392,200.448,1251300,0.0,0.0
2019-09-23,200.586,200.974,198.369,198.547,922500,0.0,0.0
2019-09-24,199.0,200.909,198.458,200.44,1364600,0.0,0.0
2019-09-25,200.772,201.112,198.903,198.992,619800,0.0,0.0
2019-09-26,199.623,200.27,198.038,199.372,974300,0.0,0.0
2019-09-27,199.55,200.011,197.73,198.191,847600,0.0,0.0
2019-09-30,198.394,200.028,198.102,198.402,893100,0.0,0.0
2019-10-01,196.557,197.156,191.882,194.317,1208200,0.0,0.0
2019-10-02,195.158,196.841,194.794,195.983,1350500,0.0,0.0
2019-10-03,195.983,199.372,195.983,198.879,840100,0.0,0.0
2019-10-04,199.081,200.998,198.021,199.655,783900,0.0,0.0
2019-10-07,198.855,200.343,198.167,199.494,707000,0.0,0.0
2019-10-08,199.777,200.845,198.094,199.655,1065400,0.0,0.0
2019-10-09,199.655,201.443,199.518,200.068,505400,0.0,0.0
2019-10-10,199.842,200.796,198.685,199.558,555400,0.0,0.0
2019-10-11,199.793,200.545,198.774,198.96,481100,0.0,0.0
2019-10-14,199.38,199.38,198.248,198.45,523000,0.0,0.0
2019-10-15,198.806,199.583,195.757,196.476,1161200,0.0,0.0
2019-10-16,196.557,196.59,194.648,195.797,1417700,0.0,0.0
2019-10-17,196.177,197.124,194.648,194.697,659800,0.0,0.0
2019-10-18,194.559,195.87,193.055,195.393,1609300,0.0,0.0
2019-10-21,195.74,197.261,194.948,197.204,931700,0.0,0.0
2019-10-22,197.488,198.661,194.495,194.576,774100,0.0,0.0
2019-10-23,194.956,195.716,192.715,194.478,822500,0.0,0.0
2019-10-24,194.624,195.74,193.799,195.247,523800,0.0,0.0
2019-10-25,194.187,194.373,189.221,189.285,1246100,0.0,0.0
2019-10-28,189.819,189.819,188.153,188.153,837000,0.0,0.0
2019-10-29,188.209,190.385,188.209,189.852,886200,0.0,0.0
2019-10-30,183.275,183.275,176.537,180.598,2101700,0.0,0.0
2019-10-31,181.14,183.348,179.983,180.274,1204500,0.0,0.0
2019-11-01,181.01,181.584,176.86,177.362,1399500,0.0,0.0
2019-11-04,177.216,177.216,174.231,174.822,1194400,0.0,0.0
2019-11-05,174.45,174.506,172.792,174.134,1607200,0.0,0.0
2019-11-06,174.814,175.299,172.508,173.503,919500,0.0,0.0
2019-11-07,173.034,174.701,171.546,173.487,1166900,0.0,0.0
2019-11-08,172.703,173.22,170.567,170.963,999200,0.0,0.0
2019-11-11,171.287,172.549,170.996,171.06,822400,0.0,0.0
2019-11-12,171.489,172.565,168.796,169.2,1347300,0.0,0.0
2019-11-13,170.64,172.436,169.823,171.23,961700,0.0,0.0
2019-11-14,171.7,172.767,171.214,172.258,636900,0.0,0.0
2019-11-15,172.266,172.824,171.222,172.468,1159500,0.0,0.0
2019-11-18,172.905,174.337,172.015,172.735,758500,0.0,0.0
2019-11-19,170.826,173.649,170.616,172.897,763300,0.0,0.0
2019-11-20,173.18,173.633,171.028,172.694,885600,0.0,0.0
2019-11-21,172.428,172.428,170.082,170.551,943800,0.0,0.0
2019-11-22,170.559,170.559,168.108,169.079,746800,0.0,0.0
2019-11-25,170.009,170.332,168.464,168.585,826900,0.0,0.0
2019-11-26,168.294,171.611,168.294,171.578,1681000,0.0,0.0
2019-11-27,170.713,171.716,170.082,171.586,638100,0.0,0.0
2019-11-29,171.627,172.08,170.3,170.421,420000,0.0,0.0
2019-12-02,170.195,170.915,168.949,169.087,725000,0.0,0.0
2019-12-03,169.807,171.877,168.391,171.441,992000,0.0,0.0
2019-12-04,170.138,172.355,170.138,172.258,830200,0.0,0.0
2019-12-05,171.837,172.84,171.602,172.67,1165600,0.0,0.0
2019-12-06,172.832,173.73,171.902,172.986,1068700,0.0,0.0
2019-12-09,172.961,173.075,170.858,172.589,1121000,0.0,0.0
2019-12-10,170.891,172.84,169.896,170.963,829600,0.0,0.0
2019-12-11,171.368,171.473,169.135,169.807,1001400,0.0,0.0
2019-12-12,170.068,170.738,166.491,166.809,1602200,2.0,0.0
2019-12-13,166.809,168.002,165.805,167.773,1394000,0.0,0.0
2019-12-16,168.1,168.9,165.658,168.386,1447500,0.0,0.0
2019-12-17,168.492,168.745,166.997,167.618,964800,0.0,0.0
2019-12-18,167.659,170.607,167.365,170.044,1078000,0.0,0.0
2019-12-19,169.872,171.726,169.161,171.603,693100,0.0,0.0
2019-12-20,173.114,173.261,171.791,172.73,1658700,0.0,0.0
2019-12-23,173.253,173.955,170.942,171.693,1095000,0.0,0.0
2019-12-24,172.298,172.298,170.811,171.391,401200,0.0,0.0
2019-12-26,171.53,172.624,170.321,172.616,916700,0.0,0.0
2019-12-27,173.073,173.367,172.151,172.845,542700,0.0,0.0
2019-12-30,172.477,173.212,171.375,172.494,621800,0.0,0.0
2019-12-31,172.534,173.931,171.759,173.923,764900,0.0,0.0
2020-01-02,174.625,174.903,171.995,172.665,862200,0.0,0.0
2020-01-03,172.436,174.674,172.126,174.527,773400,0.0,0.0
2020-01-06,173.759,175.532,173.572,175.148,1134300,0.0,0.0
2020-01-07,174.135,175.303,172.951,174.454,1164300,0.0,0.0
2020-01-08,173.964,174.919,173.237,174.772,1262100,0.0,0.0
2020-01-09,174.56,175.393,174.053,174.846,1063500,0.0,0.0
2020-01-10,175.213,176.716,174.731,176.259,1013200,0.0,0.0
2020-01-13,176.463,177.974,176.193,177.043,812500,0.0,0.0
2020-01-14,176.7,177.002,175.123,176.659,1134900,0.0,0.0
2020-01-15,177.181,178.611,177.075,178.243,827700,0.0,0.0
2020-01-16,178.423,179.762,178.341,179.689,691700,0.0,0.0
2020-01-17,179.672,180.53,178.856,180.285,996100,0.0,0.0
2020-01-21,180.726,182.318,179.975,181.837,834600,0.0,0.0
2020-01-22,182.523,182.539,179.672,180.481,1199400,0.0,0.0
2020-01-23,180.734,182.457,180.285,182.286,895000,0.0,0.0
2020-01-24,182.482,183.592,182.065,183.323,644600,0.0,0.0
2020-01-27,182.898,184.425,182.751,183.151,636800,0.0,0.0
2020-01-28,182.923,183.78,181.869,182.759,774000,0.0,0.0
2020-01-29,182.939,182.939,179.876,181.371,785600,0.0,0.0
2020-01-30,181.012,183.127,180.236,183.021,609500,0.0,0.0
2020-01-31,183.307,183.519,181.747,182.743,1301500,0.0,0.0
2020-02-03,183.323,184.082,182.702,183.086,838900,0.0,0.0
2020-02-04,183.323,183.96,181.273,182.245,1268400,0.0,0.0
2020-02-05,182.098,182.245,179.803,181.42,960700,0.0,0.0
2020-02-06,181.477,183.633,181.428,182.964,482900,0.0,0.0
2020-02-07,183.903,184.532,182.817,183.944,426100,0.0,0.0
2020-02-10,184.409,184.973,183.821,184.915,478300,0.0,0.0
2020-02-11,184.899,186.402,184.229,184.866,744800,0.0,0.0
2020-02-12,184.768,187.259,183.935,185.593,883700,0.0,0.0
2020-02-13,185.34,187.48,185.34,186.663,521500,0.0,0.0
2020-02-14,187.014,190.289,186.737,190.142,607600,0.0,0.0
2020-02-18,190.363,190.591,188.37,189.277,643100,0.0,0.0
2020-02-19,188.942,188.942,178.398,178.692,2025300,0.0,0.0
2020-02-20,178.676,181.796,178.292,181.616,1110500,0.0,0.0
2020-02-21,181.175,185.7,181.126,184.385,1379200,0.0,0.0
2020-02-24,183.944,185.961,182.996,184.956,1636000,0.0,0.0
2020-02-25,184.785,185.528,179.133,180.391,1644600,0.0,0.0
2020-02-26,179.574,187.807,178.856,186.394,1829700,0.0,0.0
2020-02-27,185.765,187.047,172.477,172.575,1764900,0.0,0.0
2020-02-28,170.485,173.711,166.932,170.787,2460300,0.0,0.0
2020-03-02,171.783,179.509,171.456,179.06,1548300,0.0,0.0
2020-03-03,178.178,180.595,174.731,177.81,1764300,0.0,0.0
2020-03-04,179.672,184.834,178.994,184.638,968000,0.0,0.0
2020-03-05,183.013,187.496,181.012,187.072,964300,0.0,0.0
2020-03-06,183.748,187.872,181.657,186.974,1084000,0.0,0.0
2020-03-09,180.244,186.034,179.672,182.58,1697100,0.0,0.0
2020-03-10,185.258,187.807,178.48,187.749,1511500,0.0,0.0
2020-03-11,184.613,186.206,179.721,180.032,1575500,0.0,0.0
2020-03-12,172.33,178.521,164.31,164.572,2334400,0.0,0.0
2020-03-13,170.107,176.07,167.261,174.33,2419500,2.0,0.0
2020-03-16,164.72,169.925,154.087,154.228,2003900,0.0,0.0
2020-03-17,157.849,169.752,157.131,163.623,1744200,0.0,0.0
2020-03-18,157.296,167.78,154.302,156.694,2085800,0.0,0.0
2020-03-19,156.711,159.68,151.827,154.747,1939000,0.0,0.0
2020-03-20,153.642,156.727,139.528,141.236,2396600,0.0,0.0
2020-03-23,140.493,142.853,128.162,132.484,2143000,0.0,0.0
2020-03-24,134.455,140.592,131.222,139.116,1876900,0.0,0.0
2020-03-25,137.936,154.318,136.113,145.624,1549800,0.0,0.0
2020-03-26,145.624,156.183,143.529,154.888,1575500,0.0,0.0
2020-03-27,152.438,163.285,151.398,157.981,1750000,0.0,0.0
2020-03-30,161.561,167.442,156.991,166.32,1238600,0.0,0.0
2020-03-31,164.514,166.353,158.459,163.829,1619000,0.0,0.0
2020-04-01,158.591,162.592,156.843,162.188,1563900,0.0,0.0
2020-04-02,160.142,161.817,152.38,159.094,2148500,0.0,0.0
2020-04-03,157.659,162.501,157.519,160.093,991400,0.0,0.0
2020-04-06,164.803,169.001,162.501,168.053,1296300,0.0,0.0
2020-04-07,166.964,175.122,162.468,162.716,1234500,0.0,0.0
2020-04-08,163.582,166.337,159.449,164.209,1363300,0.0,0.0
2020-04-09,165.438,172.829,165.215,172.062,1613200,0.0,0.0
2020-04-13,170.659,171.468,165.157,166.155,771500,0.0,0.0
2020-04-14,169.909,173.447,166.403,168.993,988700,0.0,0.0
2020-04-15,167.302,168.663,158.6,161.099,1214200,0.0,0.0
2020-04-16,163.499,164.976,159.837,159.994,1097200,0.0,0.0
2020-04-17,162.666,163.442,160.076,162.072,859600,0.0,0.0
2020-04-20,160.645,162.262,158.715,159.466,813500,0.0,0.0
2020-04-21,157.428,158.929,154.855,157.469,891500,0.0,0.0
2020-04-22,159.259,160.934,158.36,159.21,766700,0.0,0.0
2020-04-23,158.534,159.664,154.393,154.665,1055700,0.0,0.0
2020-04-24,155.11,156.554,154.137,154.442,603000,0.0,0.0
2020-04-27,155.811,159.655,154.731,159.169,1131600,0.0,0.0
2020-04-28,160.522,163.268,157.271,157.56,1051100,0.0,0.0
2020-04-29,159.589,159.763,153.988,154.021,1002900,0.0,0.0
2020-04-30,152.875,153.584,148.866,152.974,1572900,0.0,0.0
2020-05-01,148.734,154.013,145.179,152.075,1570100,0.0,0.0
2020-05-04,151.992,151.992,147.365,149.377,979800,0.0,0.0
2020-05-05,150.07,151.324,147.604,148.016,1227200,0.0,0.0
2020-05-06,148.322,149.32,145.014,145.253,720600,0.0,0.0
2020-05-07,146.829,151.959,146.169,151.374,1256500,0.0,0.0
2020-05-08,153.23,158.088,152.553,157.008,1126700,0.0,0.0
2020-05-11,155.754,156.966,153.683,154.195,700500,0.0,0.0
2020-05-12,154.203,154.945,144.205,147.216,1333900,0.0,0.0
2020-05-13,146.73,148.462,145.294,145.674,1081500,0.0,0.0
2020-05-14,144.354,147.653,141.97,147.653,1023400,0.0,0.0
2020-05-15,145.789,145.896,142.836,145.154,1404400,0.0,0.0
2020-05-18,148.47,152.974,148.214,151.25,1083400,0.0,0.0
2020-05-19,150.276,152.157,149.732,151.431,725100,0.0,0.0
2020-05-20,152.413,152.941,149.575,151.712,949500,0.0,0.0
2020-05-21,151.06,152.042,149.93,150.763,561000,0.0,0.0
2020-05-22,151.794,153.889,150.953,153.815,622000,0.0,0.0
2020-05-26,156.999,159.375,155.778,158.773,1100600,0.0,0.0
2020-05-27,159.408,163.103,159.408,162.477,885600,0.0,0.0
2020-05-28,163.772,166.056,162.501,165.957,756900,0.0,0.0
2020-05-29,165.034,168.383,163.45,167.236,1202900,0.0,0.0
2020-06-01,166.832,170.123,165.537,168.911,1236800,0.0,0.0
2020-06-02,171.006,172.458,167.945,171.36,1193400,0.0,0.0
2020-06-03,172.119,176.202,171.162,171.542,1189600,0.0,0.0
2020-06-04,170.651,171.154,164.093,165.504,901200,0.0,0.0
2020-06-05,169.917,171.294,167.805,170.23,1135400,0.0,0.0
2020-06-08,170.404,174.0,169.183,170.486,1161500,0.0,0.0
2020-06-09,168.828,174.61,166.725,174.355,901700,0.0,0.0
2020-06-10,173.513,174.66,169.422,169.488,879000,0.0,0.0
2020-06-11,165.842,167.112,160.513,161.619,1306500,0.0,0.0
2020-06-12,165.277,165.852,159.668,163.735,916900,2.0,0.0
2020-06-15,160.494,167.036,159.668,166.002,1108300,0.0,0.0
2020-06-16,170.436,171.053,164.502,165.727,875600,0.0,0.0
2020-06-17,166.102,166.902,164.119,164.81,698600,0.0,0.0
2020-06-18,163.677,164.244,160.635,163.569,766900,0.0,0.0
2020-06-19,165.686,165.686,158.727,158.835,3654200,0.0,0.0
2020-06-22,159.177,160.11,155.927,158.568,976700,0.0,0.0
2020-06-23,159.819,160.41,156.727,156.877,630900,0.0,0.0
2020-06-24,155.843,159.11,155.31,157.885,1174000,0.0,0.0
2020-06-25,157.693,159.293,155.785,159.202,827700,0.0,0.0
2020-06-26,158.885,161.085,157.202,157.743,1370100,0.0,0.0
2020-06-29,158.977,159.785,157.618,159.26,772300,0.0,0.0
2020-06-30,159.418,161.344,157.585,159.919,1064900,0.0,0.0
2020-07-01,159.735,166.777,159.36,165.977,678500,0.0,0.0
2020-07-02,167.519,168.369,164.619,166.144,895900,0.0,0.0
2020-07-06,168.544,169.669,163.085,163.785,871800,0.0,0.0
2020-07-07,162.235,163.452,161.744,162.06,635000,0.0,0.0
2020-07-08,161.852,162.569,160.869,161.144,869400,0.0,0.0
2020-07-09,160.635,163.602,160.052,162.819,555800,0.0,0.0
2020-07-10,162.844,164.077,161.652,162.035,630400,0.0,0.0
2020-07-13,162.244,162.794,160.51,160.752,525800,0.0,0.0
2020-07-14,160.894,164.11,160.802,161.544,588700,0.0,0.0
2020-07-15,163.035,163.035,159.302,160.677,982400,0.0,0.0
2020-07-16,160.335,162.294,156.91,156.993,621300,0.0,0.0
2020-07-17,157.26,160.827,156.135,160.26,837900,0.0,0.0
2020-07-20,160.26,160.444,156.477,156.502,479500,0.0,0.0
2020-07-21,157.66,157.91,155.602,155.71,581400,0.0,0.0
2020-07-22,154.552,157.677,153.51,156.935,698900,0.0,0.0
2020-07-23,157.427,158.343,154.527,155.86,534200,0.0,0.0
2020-07-24,156.427,156.877,154.226,154.476,518700,0.0,0.0
2020-07-27,154.393,155.593,152.693,154.652,472500,0.0,0.0
2020-07-28,154.977,161.602,154.977,161.569,800500,0.0,0.0
2020-07-29,161.819,164.911,160.569,164.044,806500,0.0,0.0
2020-07-30,162.277,165.277,161.469,164.769,1001800,0.0,0.0
2020-07-31,164.202,166.677,161.31,166.577,1761600,0.0,0.0
2020-08-03,165.711,165.844,162.919,163.21,658400,0.0,0.0
2020-08-04,163.81,168.344,163.385,167.827,1018900,0.0,0.0
2020-08-05,168.161,168.327,163.252,164.152,905500,0.0,0.0
2020-08-06,160.827,163.719,155.202,163.41,1593700,0.0,0.0
2020-08-07,162.185,168.227,162.185,166.052,966500,0.0,0.0
2020-08-10,166.761,169.844,166.394,168.752,645100,0.0,0.0
2020-08-11,170.161,170.394,164.694,165.836,653500,0.0,0.0
2020-08-12,166.286,166.752,162.727,165.327,509700,0.0,0.0
2020-08-13,164.552,166.494,163.685,164.427,554500,0.0,0.0
2020-08-14,164.644,169.077,164.644,166.877,642000,0.0,0.0
2020-08-17,165.902,166.811,164.552,166.694,816600,0.0,0.0
2020-08-18,166.702,168.552,165.244,167.461,594000,0.0,0.0
2020-08-19,168.144,168.144,163.702,164.535,769900,0.0,0.0
2020-08-20,164.31,169.527,164.227,169.394,584400,0.0,0.0
2020-08-21,170.302,172.269,169.144,172.136,752600,0.0,0.0
2020-08-24,171.161,172.153,169.586,172.144,483800,0.0,0.0
2020-08-25,172.169,172.353,170.494,172.311,469900,0.0,0.0
2020-08-26,171.653,173.919,170.178,173.769,645400,0.0,0.0
2020-08-27,174.344,177.036,174.019,176.07,499900,0.0,0.0
2020-08-28,176.653,178.053,174.203,177.878,589900,0.0,0.0
2020-08-31,177.428,178.886,176.278,177.011,869900,0.0,0.0
2020-09-01,176.403,178.02,173.503,177.845,478800,0.0,0.0
2020-09-02,176.903,178.586,175.261,178.478,1053800,0.0,0.0
2020-09-03,179.111,182.262,176.478,177.453,997200,0.0,0.0
2020-09-04,177.903,179.911,174.569,176.795,557600,0.0,0.0
2020-09-08,176.903,179.345,174.619,178.303,849100,0.0,0.0
2020-09-09,179.87,185.053,179.628,180.611,1033000,0.0,0.0
2020-09-10,180.395,182.937,178.153,181.795,830600,0.0,0.0
2020-09-11,182.362,185.32,181.562,183.837,666500,0.0,0.0
2020-09-14,184.955,189.606,184.03,189.009,703000,2.0,0.0
2020-09-15,189.194,190.573,185.662,185.872,663700,0.0,0.0
2020-09-16,187.276,190.329,186.326,188.815,717300,0.0,0.0
2020-09-17,187.596,190.161,185.107,186.881,749600,0.0,0.0
2020-09-18,185.401,186.881,184.215,185.872,1218700,0.0,0.0
2020-09-21,185.149,188.361,180.38,181.902,970200,0.0,0.0
2020-09-22,181.81,185.233,181.81,184.493,771600,0.0,0.0
2020-09-23,183.82,183.963,178.774,179.06,830100,0.0,0.0
2020-09-24,179.783,183.08,179.573,180.515,595200,0.0,0.0
2020-09-25,179.06,183.837,178.698,183.736,602100,0.0,0.0
2020-09-28,185.721,187.63,184.846,185.973,582800,0.0,0.0
2020-09-29,185.99,187.461,183.736,185.788,557300,0.0,0.0
2020-09-30,186.839,187.949,184.358,187.31,863500,0.0,0.0
2020-10-01,187.302,190.338,186.713,190.287,854000,0.0,0.0
2020-10-02,188.866,195.081,187.352,193.929,826500,0.0,0.0
2020-10-05,194.946,195.653,190.573,195.249,585600,0.0,0.0
2020-10-06,192.81,193.979,189.799,191.994,1007700,0.0,0.0
2020-10-07,192.667,194.719,191.809,193.466,585500,0.0,0.0
2020-10-08,194.139,196.04,193.693,195.131,596800,0.0,0.0
2020-10-09,195.493,197.007,193.988,196.805,426600,0.0,0.0
2020-10-12,197.108,198.765,195.762,197.705,636600,0.0,0.0
2020-10-13,197.84,198.622,195.216,197.966,606600,0.0,0.0
2020-10-14,197.865,198.916,195.518,196.376,664900,0.0,0.0
2020-10-15,196.267,199.74,195.115,197.083,827600,0.0,0.0
2020-10-16,196.536,197.966,195.258,195.956,1677000,0.0,0.0
2020-10-19,196.368,196.923,194.198,194.433,817600,0.0,0.0
2020-10-20,195.258,198.016,193.668,196.057,501000,0.0,0.0
2020-10-21,195.998,197.764,195.274,195.964,670900,0.0,0.0
2020-10-22,195.779,198.302,194.938,197.73,439000,0.0,0.0
2020-10-23,198.571,199.16,196.721,198.243,473100,0.0,0.0
2020-10-26,197.116,199.336,196.284,198.672,980800,0.0,0.0
2020-10-27,199.522,201.338,197.284,197.31,785500,0.0,0.0
2020-10-28,195.089,197.461,192.676,194.375,1037900,0.0,0.0
2020-10-29,195.224,196.889,193.971,194.156,908100,0.0,0.0
2020-10-30,193.298,195.317,191.086,192.65,1009300,0.0,0.0
2020-11-02,194.551,197.335,193.601,195.796,804600,0.0,0.0
2020-11-03,196.872,198.731,195.266,198.041,719400,0.0,0.0
2020-11-04,197.915,202.473,197.453,197.856,892200,0.0,0.0
2020-11-05,197.209,198.723,192.457,193.988,945200,0.0,0.0
2020-11-06,194.56,199.883,193.264,194.551,668000,0.0,0.0
2020-11-09,202.465,202.465,185.796,186.772,1464900,0.0,0.0
2020-11-10,186.898,196.948,185.88,196.83,1035700,0.0,0.0
2020-11-11,197.932,199.32,195.384,198.327,776700,0.0,0.0
2020-11-12,199.025,199.025,192.415,194.955,580100,0.0,0.0
2020-11-13,195.703,197.966,194.644,196.839,561900,0.0,0.0
2020-11-16,199.168,199.168,192.381,196.536,581600,0.0,0.0
2020-11-17,195.729,199.042,194.139,197.251,616500,0.0,0.0
2020-11-18,196.813,199.034,193.256,193.399,920600,0.0,0.0
2020-11-19,193.222,193.962,191.069,192.415,931700,0.0,0.0
2020-11-20,192.6,192.743,187.604,188.084,1252800,0.0,0.0
2020-11-23,188.706,190.657,183.601,184.291,1560700,0.0,0.0
2020-11-24,184.779,187.31,182.693,186.763,1323700,0.0,0.0
2020-11-25,187.428,188.858,186.553,187.798,596800,0.0,0.0
2020-11-27,187.857,187.857,184.392,185.048,377400,0.0,0.0
2020-11-30,185.081,189.732,184.863,188.773,1465900,0.0,0.0
2020-12-01,189.127,190.018,186.881,189.522,614000,0.0,0.0
2020-12-02,188.689,192.23,187.823,188.824,551300,0.0,0.0
2020-12-03,188.757,190.59,188.134,190.102,652500,0.0,0.0
2020-12-04,189.976,191.17,187.613,188.807,752700,0.0,0.0
2020-12-07,188.387,190.514,188.361,188.958,641300,0.0,0.0
2020-12-08,189.043,189.219,186.511,186.604,559300,0.0,0.0
2020-12-09,186.738,188.0,182.954,184.72,714600,0.0,0.0
2020-12-10,184.257,185.864,181.827,182.146,929800,0.0,0.0
2020-12-11,182.121,185.805,182.121,185.073,1537900,0.0,0.0
2020-12-14,191.812,194.986,188.807,189.894,2271500,2.0,0.0
2020-12-15,190.335,191.116,186.338,191.099,1347800,0.0,0.0
2020-12-16,191.099,193.509,190.412,191.778,699300,0.0,0.0
2020-12-17,193.34,197.974,192.728,197.38,932900,0.0,0.0
2020-12-18,197.515,197.702,193.263,194.299,1421900,0.0,0.0
2020-12-21,193.153,195.376,191.905,194.112,707800,0.0,0.0
2020-12-22,194.333,197.201,193.654,197.065,783100,0.0,0.0
2020-12-23,196.505,197.541,192.465,192.661,720800,0.0,0.0
2020-12-24,193.034,194.341,192.72,194.231,154600,0.0,0.0
2020-12-28,195.02,195.716,192.847,194.477,569900,0.0,0.0
2020-12-29,195.283,196.276,192.168,193.34,677400,0.0,0.0
2020-12-30,192.966,195.962,192.966,194.299,559200,0.0,0.0
2020-12-31,194.536,196.123,192.253,195.996,495700,0.0,0.0
2021-01-04,195.478,196.879,186.677,186.889,911800,0.0,0.0
2021-01-05,186.151,188.086,183.452,184.487,1094800,0.0,0.0
2021-01-06,183.622,184.937,180.116,181.474,1506100,0.0,0.0
2021-01-07,181.721,185.463,180.821,184.555,1224300,0.0,0.0
2021-01-08,185.438,189.8,185.438,188.943,805500,0.0,0.0
2021-01-11,188.366,189.02,184.912,187.78,738900,0.0,0.0
2021-01-12,186.864,189.155,185.896,188.621,690200,0.0,0.0
2021-01-13,188.629,191.498,188.629,190.785,785400,0.0,0.0
2021-01-14,190.768,190.768,187.432,187.763,773100,0.0,0.0
2021-01-15,187.814,191.286,186.804,190.445,1864200,0.0,0.0
2021-01-19,191.668,191.668,185.981,187.246,1145000,0.0,0.0
2021-01-20,186.329,191.812,185.514,190.946,1326600,0.0,0.0
2021-01-21,189.444,191.082,187.916,188.392,1284000,0.0,0.0
2021-01-22,189.138,189.987,188.06,189.087,1079100,0.0,0.0
2021-01-25,189.639,192.236,188.366,191.659,830000,0.0,0.0
2021-01-26,191.693,194.095,191.243,193.374,825900,0.0,0.0
2021-01-27,192.941,194.341,190.87,193.552,822000,0.0,0.0
2021-01-28,193.569,195.334,191.345,193.093,791600,0.0,0.0
2021-01-29,192.372,195.283,190.81,193.187,1052400,0.0,0.0
2021-02-01,194.468,197.558,192.058,197.49,763700,0.0,0.0
2021-02-02,196.777,197.464,195.062,195.461,949800,0.0,0.0
2021-02-03,194.477,197.575,192.491,196.31,703300,0.0,0.0
2021-02-04,197.023,200.282,195.461,195.928,1165800,0.0,0.0
2021-02-05,196.488,196.488,194.146,194.647,777100,0.0,0.0
2021-02-08,194.129,197.507,193.136,197.337,523100,0.0,0.0
2021-02-09,198.339,200.927,197.71,200.613,680300,0.0,0.0
2021-02-10,201.691,201.733,196.353,198.687,697100,0.0,0.0
2021-02-11,197.702,198.729,196.573,197.812,853200,0.0,0.0
2021-02-12,197.312,197.71,194.782,196.785,617500,0.0,0.0
2021-02-16,196.565,196.734,192.27,195.164,566300,0.0,0.0
2021-02-17,195.164,199.06,194.893,198.661,879000,0.0,0.0
2021-02-18,198.075,200.375,198.075,199.45,622800,0.0,0.0
2021-02-19,200.002,201.038,198.398,199.196,761500,0.0,0.0
2021-02-22,199.102,202.328,197.965,201.793,711500,0.0,0.0
2021-02-23,203.278,208.965,203.278,205.68,794300,0.0,0.0
2021-02-24,205.23,207.929,204.712,205.909,803200,0.0,0.0
2021-02-25,206.461,209.228,203.915,206.546,816500,0.0,0.0
2021-02-26,206.86,207.793,198.474,198.551,1110900,0.0,0.0
2021-03-01,200.299,202.726,196.734,196.879,778500,0.0,0.0
2021-03-02,196.276,200.325,195.402,198.967,917000,0.0,0.0
2021-03-03,197.736,198.585,195.818,195.928,1025100,0.0,0.0
2021-03-04,196.514,198.975,194.477,196.353,1003400,0.0,0.0
2021-03-05,196.734,199.9,194.782,199.493,667900,0.0,0.0
2021-03-08,200.494,204.39,199.051,202.548,628400,0.0,0.0
2021-03-09,202.565,205.655,202.005,203.719,584400,0.0,0.0
2021-03-10,204.254,204.254,201.318,203.558,625700,0.0,0.0
2021-03-11,202.769,205.222,202.387,202.514,615400,0.0,0.0
2021-03-12,202.353,206.376,202.353,206.283,599000,0.0,0.0
2021-03-15,207.369,208.448,205.076,207.506,887300,2.0,0.0
2021-03-16,208.011,210.433,206.805,209.945,512900,0.0,0.0
2021-03-17,209.757,209.757,205.239,206.805,751800,0.0,0.0
2021-03-18,205.743,207.361,204.006,207.104,570900,0.0,0.0
2021-03-19,207.583,207.951,199.787,199.787,1336400,0.0,0.0
2021-03-22,199.787,203.424,199.394,202.56,647100,0.0,0.0
2021-03-23,203.176,208.2,202.577,207.866,723600,0.0,0.0
2021-03-24,206.753,207.78,205.53,206.36,656200,0.0,0.0
2021-03-25,207.429,207.523,203.262,206.497,594800,0.0,0.0
2021-03-26,207.07,209.517,205.239,209.312,836500,0.0,0.0
2021-03-29,208.756,214.079,207.061,212.222,823200,0.0,0.0
2021-03-30,212.478,212.983,210.459,211.4,652900,0.0,0.0
2021-03-31,211.374,213.916,209.286,211.169,1105400,0.0,0.0
2021-04-01,212.47,215.756,211.725,215.602,844300,0.0,0.0
2021-04-05,215.354,218.725,214.438,218.452,1162300,0.0,0.0
2021-04-06,217.63,218.529,215.653,218.486,744600,0.0,0.0
2021-04-07,218.683,219.359,217.245,218.837,760700,0.0,0.0
2021-04-08,218.734,221.712,218.734,219.727,566800,0.0,0.0
2021-04-09,220.608,222.02,220.292,220.685,539000,0.0,0.0
2021-04-12,221.541,223.612,220.463,223.235,524100,0.0,0.0
2021-04-13,223.851,228.721,223.501,228.447,819400,0.0,0.0
2021-04-14,227.839,227.839,224.904,225.657,508500,0.0,0.0
2021-04-15,227.266,229.568,226.744,229.132,871900,0.0,0.0
2021-04-16,229.859,229.979,228.156,228.319,672500,0.0,0.0
2021-04-19,228.319,231.502,227.283,231.382,548500,0.0,0.0
2021-04-20,231.485,236.44,231.185,233.941,846400,0.0,0.0
2021-04-21,234.668,235.944,232.931,234.104,564900,0.0,0.0
2021-04-22,234.163,237.039,233.145,236.645,512000,0.0,0.0
2021-04-23,236.902,237.681,235.43,236.851,489900,0.0,0.0
2021-04-26,237.689,238.571,234.711,235.439,556500,0.0,0.0
2021-04-27,235.764,236.08,234.258,235.387,481100,0.0,0.0
2021-04-28,235.704,236.551,233.65,233.821,526700,0.0,0.0
2021-04-29,234.968,239.546,234.155,239.17,734300,0.0,0.0
2021-04-30,239.161,241.403,237.458,240.607,635200,0.0,0.0
2021-05-03,240.89,241.378,236.234,237.929,611500,0.0,0.0
2021-05-04,239.238,242.242,238.203,239.058,691100,0.0,0.0
2021-05-05,238.014,238.613,234.018,235.011,744500,0.0,0.0
2021-05-06,235.584,236.833,234.48,235.516,653500,0.0,0.0
2021-05-07,235.464,237.561,234.651,237.279,577800,0.0,0.0
2021-05-10,237.604,239.461,236.748,237.184,619200,0.0,0.0
2021-05-11,236.902,236.902,233.017,234.754,693100,0.0,0.0
2021-05-12,234.865,235.772,230.672,230.809,675100,0.0,0.0
2021-05-13,231.134,235.969,230.766,234.437,612100,0.0,0.0
2021-05-14,233.813,235.55,232.76,234.009,463200,0.0,0.0
2021-05-17,235.113,237.8,234.061,236.688,711400,0.0,0.0
2021-05-18,235.062,236.756,234.283,235.824,882500,0.0,0.0
2021-05-19,235.131,236.662,231.425,236.654,652600,0.0,0.0
2021-05-20,236.106,239.512,235.533,239.007,1126800,0.0,0.0
2021-05-21,238.442,240.248,235.567,236.816,719800,0.0,0.0
2021-05-24,237.587,239.384,236.577,238.288,533900,0.0,0.0
2021-05-25,238.126,239.7,236.32,238.562,422700,0.0,0.0
2021-05-26,238.708,241.172,238.34,239.255,707200,0.0,0.0
2021-05-27,239.178,240.368,237.133,239.503,980200,0.0,0.0
2021-05-28,241.412,242.225,240.162,241.737,1507500,0.0,0.0
2021-06-01,242.49,244.476,241.018,244.373,515700,0.0,0.0
2021-06-02,245.708,247.933,244.073,246.452,1002500,0.0,0.0
2021-06-03,246.333,247.642,245.357,247.188,800000,0.0,0.0
2021-06-04,248.626,249.028,246.179,247.068,828200,0.0,0.0
2021-06-07,247.907,250.8,246.923,249.216,783300,0.0,0.0
2021-06-08,249.97,251.715,249.422,251.082,592000,0.0,0.0
2021-06-09,251.595,252.648,250.945,251.459,476500,0.0,0.0
2021-06-10,251.073,253.239,250.979,252.853,483800,0.0,0.0
2021-06-11,252.417,253.401,251.022,253.144,575000,0.0,0.0
2021-06-14,253.308,253.989,251.619,253.851,528500,2.0,0.0
2021-06-15,253.386,253.903,251.792,252.61,451400,0.0,0.0
2021-06-16,253.032,254.635,251.671,251.766,744900,0.0,0.0
2021-06-17,251.731,254.756,250.215,254.721,625000,0.0,0.0
2021-06-18,255.522,258.193,254.919,257.065,2007000,0.0,0.0
2021-06-21,257.952,262.346,257.065,261.536,734200,0.0,0.0
2021-06-22,261.476,263.294,260.485,260.589,495600,0.0,0.0
2021-06-23,259.52,262.725,258.969,261.717,640500,0.0,0.0
2021-06-24,261.502,262.501,259.012,260.063,643300,0.0,0.0
2021-06-25,260.149,262.829,259.322,262.57,718500,0.0,0.0
2021-06-28,262.794,262.915,260.666,262.355,475100,0.0,0.0
2021-06-29,262.32,263.328,261.286,261.476,624100,0.0,0.0
2021-06-30,261.157,263.518,258.624,259.072,716000,0.0,0.0
2021-07-01,258.943,260.916,257.943,258.771,689700,0.0,0.0
2021-07-02,259.486,261.373,258.159,260.821,945200,0.0,0.0
2021-07-06,260.442,265.818,258.969,265.319,735500,0.0,0.0
2021-07-07,265.457,266.87,262.786,265.543,1021000,0.0,0.0
2021-07-08,264.354,267.085,263.949,264.664,684800,0.0,0.0
2021-07-09,265.069,268.843,264.044,268.541,517300,0.0,0.0
2021-07-12,268.541,271.04,268.455,270.316,693400,0.0,0.0
2021-07-13,270.385,270.816,266.913,267.335,622700,0.0,0.0
2021-07-14,267.094,271.091,267.094,269.661,630100,0.0,0.0
2021-07-15,270.075,271.014,268.593,270.092,687900,0.0,0.0
2021-07-16,270.807,272.203,269.911,270.488,689200,0.0,0.0
2021-07-19,269.799,270.161,263.492,265.818,867800,0.0,0.0
2021-07-20,267.792,270.531,267.792,268.981,756400,0.0,0.0
2021-07-21,268.291,268.791,265.465,265.62,751000,0.0,0.0
2021-07-22,265.362,267.206,264.957,266.447,741100,0.0,0.0
2021-07-23,267.266,270.85,266.43,270.368,549400,0.0,0.0
2021-07-26,269.454,270.626,267.662,270.247,607200,0.0,0.0
2021-07-27,270.48,271.548,268.653,270.454,698900,0.0,0.0
2021-07-28,270.919,272.177,268.722,269.678,609000,0.0,0.0
2021-07-29,269.928,271.393,268.481,268.653,491400,0.0,0.0
2021-07-30,269.859,273.082,269.179,269.23,1041500,0.0,0.0
2021-08-02,270.592,271.41,267.886,267.964,770800,0.0,0.0
2021-08-03,268.756,269.713,264.629,266.732,1425800,0.0,0.0
2021-08-04,267.697,270.213,262.45,264.087,1487300,0.0,0.0
2021-08-05,265.198,266.154,262.32,266.154,1163500,0.0,0.0
2021-08-06,265.991,267.981,262.501,262.553,596800,0.0,0.0
2021-08-09,262.432,267.395,262.036,266.904,744300,0.0,0.0
2021-08-10,268.653,271.281,267.059,267.955,835500,0.0,0.0
2021-08-11,268.515,270.307,267.404,268.817,505700,0.0,0.0
2021-08-12,269.894,271.832,268.36,271.402,578500,0.0,0.0
2021-08-13,271.789,272.504,269.868,271.117,560600,0.0,0.0
2021-08-16,272.013,274.486,270.669,274.081,688300,0.0,0.0
2021-08-17,273.745,275.804,272.513,275.287,706600,0.0,0.0
2021-08-18,274.124,276.674,273.848,275.899,1087900,0.0,0.0
2021-08-19,275.856,278.906,275.641,277.838,574800,0.0,0.0
2021-08-20,277.459,281.258,275.985,279.397,645700,0.0,0.0
2021-08-23,279.371,280.491,276.554,276.769,633100,0.0,0.0
2021-08-24,276.623,276.933,271.281,273.84,749300,0.0,0.0
2021-08-25,273.073,274.417,272.108,272.591,643600,0.0,0.0
2021-08-26,273.495,275.089,272.453,272.496,627300,0.0,0.0
2021-08-27,273.538,274.52,271.867,273.719,473600,0.0,0.0
2021-08-30,273.237,276.338,273.237,276.183,696500,0.0,0.0
2021-08-31,275.296,279.475,273.021,278.82,832500,0.0,0.0
2021-09-01,278.949,284.601,277.717,284.058,630300,0.0,0.0
2021-09-02,284.213,285.437,281.973,285.221,572900,0.0,0.0
2021-09-03,284.498,285.213,280.56,284.98,431100,0.0,0.0
2021-09-07,285.204,285.773,279.311,281.482,520200,0.0,0.0
2021-09-08,280.733,286.867,280.733,284.782,524600,0.0,0.0
2021-09-09,285.084,285.084,278.889,279.302,573500,0.0,0.0
2021-09-10,279.509,281.723,277.872,278.492,524700,0.0,0.0
2021-09-13,279.656,281.672,276.606,276.743,601700,0.0,0.0
2021-09-14,277.688,277.688,273.05,275.2,543500,2.0,0.0
2021-09-15,276.041,279.301,275.252,277.012,457700,0.0,0.0
2021-09-16,277.004,278.712,273.917,275.174,456200,0.0,0.0
2021-09-17,273.154,275.781,268.984,269.669,1409000,0.0,0.0
2021-09-20,269.131,273.674,267.519,270.622,574200,0.0,0.0
2021-09-21,270.874,273.666,270.354,270.44,510000,0.0,0.0
2021-09-22,272.114,272.114,266.539,268.065,786400,0.0,0.0
2021-09-23,268.134,269.417,264.328,264.796,856500,0.0,0.0
2021-09-24,265.134,266.756,262.169,263.461,650800,0.0,0.0
2021-09-27,263.461,264.666,257.201,257.271,622800,0.0,0.0
2021-09-28,255.441,261.042,253.439,259.681,983300,0.0,0.0
2021-09-29,260.123,263.86,259.239,262.109,581700,0.0,0.0
2021-09-30,263.669,263.669,256.976,257.583,975200,0.0,0.0
2021-10-01,258.381,259.308,254.696,257.67,691500,0.0,0.0
2021-10-04,257.054,259.568,256.361,258.407,1023600,0.0,0.0
2021-10-05,259.594,259.776,255.658,255.988,889800,0.0,0.0
2021-10-06,255.762,261.909,254.436,261.328,929300,0.0,0.0
2021-10-07,262.091,264.84,260.349,261.424,550000,0.0,0.0
2021-10-08,261.432,262.039,259.343,259.854,359300,0.0,0.0
2021-10-11,260.08,262.551,258.537,261.918,339900,0.0,0.0
2021-10-12,263.504,271.524,262.828,269.903,582300,0.0,0.0
2021-10-13,269.495,275.677,268.784,275.113,505100,0.0,0.0
2021-10-14,276.483,282.786,274.853,282.535,755700,0.0,0.0
2021-10-15,283.385,283.541,274.429,276.934,972800,0.0,0.0
2021-10-18,277.862,280.758,276.206,279.362,655600,0.0,0.0
2021-10-19,279.917,280.836,277.524,278.304,387300,0.0,0.0
2021-10-20,278.972,280.021,277.411,279.553,501000,0.0,0.0
2021-10-21,280.671,280.931,277.654,279.613,425900,0.0,0.0
2021-10-22,280.931,283.662,280.662,282.925,451900,0.0,0.0
2021-10-25,283.437,286.029,281.035,284.815,354000,0.0,0.0
2021-10-26,284.2,285.162,281.165,283.402,411400,0.0,0.0
2021-10-27,284.191,284.191,278.998,279.553,421200,0.0,0.0
2021-10-28,280.619,288.032,280.619,287.511,746700,0.0,0.0
2021-10-29,285.509,291.057,284.624,287.997,1358900,0.0,0.0
2021-11-01,288.413,289.401,280.419,287.529,527000,0.0,0.0
2021-11-02,289.159,295.366,286.653,292.791,838800,0.0,0.0
2021-11-03,293.494,295.6,286.116,288.482,460400,0.0,0.0
2021-11-04,288.708,292.323,286.965,288.318,528600,0.0,0.0
2021-11-05,289.974,289.974,277.238,279.934,647500,0.0,0.0
2021-11-08,280.584,281.746,276.509,280.437,520200,0.0,0.0
2021-11-09,280.654,283.341,279.865,281.772,499300,0.0,0.0
2021-11-10,281.841,285.379,281.841,283.636,467300,0.0,0.0
2021-11-11,285.37,285.465,281.885,285.257,219300,0.0,0.0
2021-11-12,284.945,286.991,282.197,285.396,425700,0.0,0.0
2021-11-15,285.431,287.615,282.552,287.607,356800,0.0,0.0
2021-11-16,288.127,288.552,283.272,284.529,449500,0.0,0.0
2021-11-17,283.133,290.459,280.593,289.176,647100,0.0,0.0
2021-11-18,289.922,292.635,286.402,291.179,593300,0.0,0.0
2021-11-19,292.618,292.618,287.598,287.615,518800,0.0,0.0
2021-11-22,287.615,289.263,284.815,285.405,506700,0.0,0.0
2021-11-23,285.595,287.876,284.165,286.436,325000,0.0,0.0
2021-11-24,286.714,291.231,286.003,290.485,242700,0.0,0.0
2021-11-26,288.058,290.771,283.523,283.523,368800,0.0,0.0
2021-11-29,286.644,290.399,283.506,287.746,441600,0.0,0.0
2021-11-30,286.341,288.977,282.622,283.835,1471700,0.0,0.0
2021-12-01,285.829,291.89,282.127,282.318,644800,0.0,0.0
2021-12-02,285.145,293.589,284.382,290.433,721200,0.0,0.0
2021-12-03,291.3,292.384,287.321,290.737,623700,0.0,0.0
2021-12-06,292.341,295.297,289.584,294.343,788100,0.0,0.0
2021-12-07,295.618,298.609,294.014,295.002,673000,0.0,0.0
2021-12-08,295.037,298.271,291.924,297.733,588800,0.0,0.0
2021-12-09,297.803,299.094,295.739,296.771,1022900,0.0,0.0
2021-12-10,297.811,302.172,296.901,301.713,692400,0.0,0.0
2021-12-13,301.314,309.776,300.993,307.964,811400,0.0,0.0
2021-12-14,310.318,310.675,303.003,307.162,968600,2.0,0.0
2021-12-15,310.396,316.604,309.681,315.192,833900,0.0,0.0
2021-12-16,314.616,317.572,312.288,316.5,891400,0.0,0.0
2021-12-17,317.136,321.705,314.895,315.401,1369500,0.0,0.0
2021-12-20,315.75,320.101,311.844,319.089,603700,0.0,0.0
2021-12-21,319.316,322.028,314.494,315.445,733700,0.0,0.0
2021-12-22,316.848,319.569,316.264,318.618,481600,0.0,0.0
2021-12-23,317.851,318.06,313.422,316.02,530200,0.0,0.0
2021-12-27,316.944,321.565,316.055,321.557,420100,0.0,0.0
2021-12-28,320.938,323.239,320.266,323.144,497800,0.0,0.0
2021-12-29,323.824,325.498,321.565,324.887,440600,0.0,0.0
2021-12-30,325.219,326.152,322.306,324.748,435600,0.0,0.0
2021-12-31,325.166,329.02,324.87,326.579,437100,0.0,0.0
2022-01-03,325.428,325.559,313.553,318.488,769900,0.0,0.0
2022-01-04,318.27,320.737,316.979,318.27,780900,0.0,0.0
2022-01-05,317.311,318.679,311.852,315.427,668800,0.0,0.0
2022-01-06,317.372,319.813,313.378,318.54,642400,0.0,0.0
2022-01-07,317.372,318.732,310.109,310.318,722900,0.0,0.0
2022-01-10,310.144,315.296,310.013,313.727,536600,0.0,0.0
2022-01-11,314.346,317.084,311.076,316.369,570100,0.0,0.0
2022-01-12,315.645,321.531,315.645,320.362,521200,0.0,0.0
2022-01-13,320.362,321.531,316.883,317.703,545400,0.0,0.0
2022-01-14,316.84,318.017,312.315,315.445,676300,0.0,0.0
2022-01-18,314.756,315.105,310.239,313.649,892900,0.0,0.0
2022-01-19,314.041,317.93,311.155,311.303,691400,0.0,0.0
2022-01-20,310.841,316.09,306.525,307.275,748300,0.0,0.0
2022-01-21,309.385,310.632,305.165,308.086,829000,0.0,0.0
2022-01-24,307.362,307.72,297.318,307.022,935200,0.0,0.0
2022-01-25,304.999,309.446,301.084,307.345,837600,0.0,0.0
2022-01-26,307.214,311.931,301.372,303.578,742900,0.0,0.0
2022-01-27,303.787,308.339,299.236,301.904,923800,0.0,0.0
2022-01-28,302.689,314.407,297.283,314.381,881800,0.0,0.0
2022-01-31,313.919,316.857,310.379,312.602,947100,0.0,0.0
2022-02-01,313.57,313.64,305.601,309.821,700900,0.0,0.0
2022-02-02,311.443,323.3,310.396,322.917,1021600,0.0,0.0
2022-02-03,321.06,322.28,319.072,320.275,562900,0.0,0.0
2022-02-04,318.226,320.432,314.756,316.369,788800,0.0,0.0
2022-02-07,316.369,317.982,313.797,316.282,618200,0.0,0.0
2022-02-08,316.918,318.793,314.172,316.011,553500,0.0,0.0
2022-02-09,319.429,322.228,317.546,321.897,527400,0.0,0.0
2022-02-10,317.014,320.484,311.321,313.091,632500,0.0,0.0
2022-02-11,313.378,315.244,308.461,312.288,553800,0.0,0.0
2022-02-14,312.079,314.965,308.958,310.083,685700,0.0,0.0
2022-02-15,311.966,312.864,305.74,306.551,701200,0.0,0.0
2022-02-16,307.449,308.304,302.549,306.665,500800,0.0,0.0
2022-02-17,306.019,306.019,301.477,301.73,693400,0.0,0.0
2022-02-18,300.962,302.959,299.349,299.55,681900,0.0,0.0
2022-02-22,298.992,301.913,296.516,298.521,802300,0.0,0.0
2022-02-23,325.384,325.384,307.144,308.173,1342100,0.0,0.0
2022-02-24,304.258,308.034,298.887,306.586,1490500,0.0,0.0
2022-02-25,308.574,316.256,307.885,316.238,839900,0.0,0.0
2022-02-28,312.655,313.954,307.397,309.542,1040600,0.0,0.0
2022-03-01,311.695,315.907,309.568,312.995,670600,0.0,0.0
2022-03-02,313.823,319.255,313.082,318.496,723500,0.0,0.0
2022-03-03,319.987,326.178,319.115,325.184,731000,0.0,0.0
2022-03-04,323.257,331.191,322.141,329.02,697400,0.0,0.0
2022-03-07,328.0,331.688,326.012,327.965,622700,0.0,0.0
2022-03-08,326.143,327.416,319.307,320.162,586200,0.0,0.0
2022-03-09,322.603,325.227,318.723,322.28,647000,0.0,0.0
2022-03-10,320.432,323.562,319.298,322.315,605000,0.0,0.0
2022-03-11,322.62,325.254,318.897,319.107,455200,0.0,0.0
2022-03-14,321.182,321.94,312.759,313.945,673100,0.0,0.0
2022-03-15,318.18,318.18,308.57,311.376,811900,2.0,0.0
2022-03-16,312.639,315.453,307.746,313.638,891200,0.0,0.0
2022-03-17,314.48,322.143,314.462,320.705,619500,0.0,0.0
2022-03-18,325.781,326.737,319.135,320.643,1344600,0.0,0.0
2022-03-21,321.564,325.667,320.188,322.266,658000,0.0,0.0
2022-03-22,323.931,325.624,320.135,324.738,649300,0.0,0.0
2022-03-23,324.431,326.141,321.047,322.695,710300,0.0,0.0
2022-03-24,322.686,327.14,322.66,327.14,646700,0.0,0.0
2022-03-25,327.912,330.025,325.282,329.665,528400,0.0,0.0
2022-03-28,330.209,337.416,329.718,336.119,691000,0.0,0.0
2022-03-29,344.132,349.305,335.443,347.613,921200,0.0,0.0
2022-03-30,346.64,348.455,344.869,347.341,437100,0.0,0.0
2022-03-31,348.919,351.103,342.177,342.186,1062500,0.0,0.0
2022-04-01,343.054,348.306,342.431,347.648,617700,0.0,0.0
2022-04-04,347.744,348.963,340.59,345.535,583900,0.0,0.0
2022-04-05,343.974,353.066,343.974,346.955,803400,0.0,0.0
2022-04-06,348.323,358.985,345.982,358.231,839200,0.0,0.0
2022-04-07,355.092,360.037,352.619,358.774,609200,0.0,0.0
2022-04-08,359.467,361.133,357.933,358.555,526700,0.0,0.0
2022-04-11,358.915,360.94,349.673,352.286,638800,0.0,0.0
2022-04-12,352.225,357.38,349.77,356.644,598200,0.0,0.0
2022-04-13,357.222,359.064,353.18,355.662,583300,0.0,0.0
2022-04-14,356.46,360.089,354.276,358.161,510800,0.0,0.0
2022-04-18,358.187,360.896,357.187,359.134,658000,0.0,0.0
2022-04-19,361.22,365.008,360.37,362.255,520100,0.0,0.0
2022-04-20,362.413,369.427,362.167,368.156,592000,0.0,0.0
2022-04-21,368.708,369.786,361.685,361.729,548900,0.0,0.0
2022-04-22,361.317,362.404,352.47,352.777,571400,0.0,0.0
2022-04-25,353.268,353.978,344.369,349.831,933700,0.0,0.0
2022-04-26,351.313,354.162,345.044,345.623,799800,0.0,0.0
2022-04-27,346.938,350.997,342.878,343.15,671800,0.0,0.0
2022-04-28,346.447,350.445,342.633,349.805,577900,0.0,0.0
2022-04-29,346.447,346.727,324.782,325.72,1385500,0.0,0.0
2022-05-02,327.614,328.745,309.351,315.681,1118500,0.0,0.0
2022-05-03,316.558,316.926,309.754,313.016,903900,0.0,0.0
2022-05-04,305.186,312.305,303.31,311.402,1008400,0.0,0.0
2022-05-05,312.156,313.147,302.871,306.229,839900,0.0,0.0
2022-05-06,303.178,304.178,291.421,295.366,1153200,0.0,0.0
2022-05-09,290.211,290.807,274.192,275.034,1175800,0.0,0.0
2022-05-10,278.909,280.794,272.982,273.877,1269000,0.0,0.0
2022-05-11,274.78,280.838,273.596,274.245,1065500,0.0,0.0
2022-05-12,276.218,278.234,271.474,275.428,782800,0.0,0.0
2022-05-13,277.769,279.97,273.21,279.278,783300,0.0,0.0
2022-05-16,279.251,281.54,277.217,279.839,597000,0.0,0.0
2022-05-17,282.004,282.004,274.113,277.463,632200,0.0,0.0
2022-05-18,277.182,277.682,268.23,269.081,623700,0.0,0.0
2022-05-19,267.95,273.859,266.17,271.597,1100600,0.0,0.0
2022-05-20,273.991,274.981,270.939,274.35,606400,0.0,0.0
2022-05-23,276.963,280.733,272.561,280.654,697800,0.0,0.0
2022-05-24,279.541,286.879,278.813,285.818,1069800,0.0,0.0
2022-05-25,284.468,286.835,280.137,284.836,1111700,0.0,0.0
2022-05-26,286.213,288.431,284.784,285.739,574700,0.0,0.0
2022-05-27,286.993,295.042,286.993,294.393,602500,0.0,0.0
2022-05-31,292.587,293.297,289.08,289.895,1388700,0.0,0.0
2022-06-01,290.255,293.499,284.933,289.878,738200,0.0,0.0
2022-06-02,288.15,292.052,281.89,291.894,568300,0.0,0.0
2022-06-03,289.737,293.437,286.827,289.965,521900,0.0,0.0
2022-06-06,291.657,291.657,282.215,282.767,848200,0.0,0.0
2022-06-07,281.996,290.167,280.873,289.904,716100,0.0,0.0
2022-06-08,288.142,288.142,276.937,277.55,725200,0.0,0.0
2022-06-09,276.428,280.04,271.483,271.588,549600,0.0,0.0
2022-06-10,268.274,273.482,266.538,269.545,906800,0.0,0.0
2022-06-13,263.925,266.722,259.322,260.822,782200,0.0,0.0
2022-06-14,261.484,265.323,258.977,262.905,904300,2.0,0.0
2022-06-15,263.496,272.773,263.373,268.492,819100,0.0,0.0
2022-06-16,263.117,269.966,263.117,265.509,811200,0.0,0.0
2022-06-17,265.791,270.293,261.837,263.523,1439200,0.0,0.0
2022-06-21,266.047,269.331,264.326,266.656,595300,0.0,0.0
2022-06-22,265.209,274.203,265.209,270.311,736100,0.0,0.0
2022-06-23,271.882,273.947,269.41,272.023,755600,0.0,0.0
2022-06-24,273.903,277.911,271.458,277.337,878100,0.0,0.0
2022-06-27,276.286,279.138,274.601,276.913,539500,0.0,0.0
2022-06-28,279.341,280.868,274.601,274.927,593300,0.0,0.0
2022-06-29,274.927,276.507,272.826,274.574,598200,0.0,0.0
2022-06-30,272.508,279.773,272.147,275.995,1012000,0.0,0.0
2022-07-01,275.713,280.921,275.501,280.144,489200,0.0,0.0
2022-07-05,278.052,278.317,271.573,277.796,669700,0.0,0.0
2022-07-06,279.42,282.695,277.257,279.835,424300,0.0,0.0
2022-07-07,280.294,282.077,276.119,277.867,545400,0.0,0.0
2022-07-08,277.867,280.321,275.748,278.785,506300,0.0,0.0
2022-07-11,277.522,280.064,276.719,276.993,502800,0.0,0.0
2022-07-12,274.653,277.681,269.137,271.317,555700,0.0,0.0
2022-07-13,268.36,273.038,266.33,270.178,526000,0.0,0.0
2022-07-14,264.626,271.573,264.626,270.487,445900,0.0,0.0
2022-07-15,274.662,277.16,271.326,276.569,734400,0.0,0.0
2022-07-18,278.255,279.5,271.176,272.72,556300,0.0,0.0
2022-07-19,274.671,279.288,273.285,279.182,549800,0.0,0.0
2022-07-20,278.59,281.185,276.913,278.935,422600,0.0,0.0
2022-07-21,278.846,281.918,276.957,281.83,495100,0.0,0.0
2022-07-22,282.51,285.873,280.32,281.874,417100,0.0,0.0
2022-07-25,289.642,290.101,282.686,285.926,619500,0.0,0.0
2022-07-26,284.725,289.289,284.522,288.388,753100,0.0,0.0
2022-07-27,287.762,288.997,285.467,288.009,815500,0.0,0.0
2022-07-28,289.439,298.019,288.688,297.56,874800,0.0,0.0
2022-07-29,297.835,302.134,296.494,299.819,638100,13.15,0.0
2022-08-01,297.89,300.765,297.394,297.991,599700,0.0,0.0
2022-08-02,297.146,301.124,294.271,294.795,860200,0.0,0.0
2022-08-03,296.338,304.697,295.401,301.647,1015000,0.0,0.0
2022-08-04,303.723,305.735,299.884,303.64,787100,0.0,0.0
2022-08-05,293.931,307.342,293.931,304.219,793800,0.0,0.0
2022-08-08,306.791,310.355,304.678,308.362,556100,0.0,0.0
2022-08-09,309.243,315.508,308.499,314.993,867000,0.0,0.0
2022-08-10,318.199,319.109,313.597,317.804,622800,0.0,0.0
2022-08-11,318.273,321.919,316.803,318.218,487700,0.0,0.0
2022-08-12,319.926,323.306,319.421,323.049,529900,0.0,0.0
2022-08-15,323.867,326.457,322.92,326.393,531000,0.0,0.0
2022-08-16,323.701,326.567,322.507,324.445,660900,0.0,0.0
2022-08-17,321.488,327.458,320.045,326.328,597600,0.0,0.0
2022-08-18,326.347,328.037,321.965,324.105,500500,0.0,0.0
2022-08-19,323.389,324.822,321.276,322.617,1237800,0.0,0.0
2022-08-22,321.488,321.488,316.895,318.135,567900,0.0,0.0
2022-08-23,317.17,317.437,312.082,313.303,613500,0.0,0.0
2022-08-24,313.349,318.263,313.349,315.067,839000,0.0,0.0
2022-08-25,316.555,321.956,316.555,321.717,578400,0.0,0.0
2022-08-26,321.616,322.314,315.774,316.454,453900,0.0,0.0
2022-08-29,314.681,316.812,312.21,312.918,398600,0.0,0.0
2022-08-30,312.302,313.606,304.605,305.413,561000,0.0,0.0
2022-08-31,307.296,308.068,302.951,303.879,913100,0.0,0.0
2022-09-01,301.776,310.483,300.931,310.263,796500,0.0,0.0
2022-09-02,312.054,312.468,304.853,305.863,505600,0.0,0.0
2022-09-06,306.589,314.984,306.589,311.733,716700,0.0,0.0
2022-09-07,310.676,315.131,309.207,314.406,881400,0.0,0.0
2022-09-08,312.688,315.49,308.316,311.742,560800,0.0,0.0
2022-09-09,312.504,314.654,309.547,311.531,649400,0.0,0.0
2022-09-12,311.172,312.495,309.886,311.852,577400,0.0,0.0
2022-09-13,307.981,308.6,301.531,302.871,740400,2.0,0.0
2022-09-14,302.113,303.49,297.845,299.997,864300,0.0,0.0
2022-09-15,299.36,299.36,289.483,289.815,669800,0.0,0.0
2022-09-16,290.157,290.804,286.027,289.344,2423400,0.0,0.0
2022-09-19,287.838,289.187,283.698,288.743,640000,0.0,0.0
2022-09-20,286.276,286.276,280.649,282.996,769600,0.0,0.0
2022-09-21,284.373,286.202,278.626,278.792,545800,0.0,0.0
2022-09-22,277.72,277.72,272.583,276.186,774200,0.0,0.0
2022-09-23,273.239,276.094,269.7,272.638,675700,0.0,0.0
2022-09-26,270.938,271.631,264.581,268.712,859800,0.0,0.0
2022-09-27,271.419,271.825,264.027,265.635,564000,0.0,0.0
2022-09-28,268.804,271.992,265.08,270.328,738600,0.0,0.0
2022-09-29,267.972,268.73,262.419,265.635,671600,0.0,0.0
2022-09-30,269.266,271.853,265.995,270.55,1124100,0.0,0.0
2022-10-03,273.378,274.246,269.164,271.604,868000,0.0,0.0
2022-10-04,272.703,276.898,271.89,274.422,1062500,0.0,0.0
2022-10-05,270.532,273.174,266.836,271.576,654400,0.0,0.0
2022-10-06,272.204,273.378,265.284,266.069,787200,0.0,0.0
2022-10-07,263.953,265.478,259.481,262.105,842900,0.0,0.0
2022-10-10,263.168,267.982,262.465,265.736,920000,0.0,0.0
2022-10-11,264.72,268.684,263.417,267.871,747500,0.0,0.0
2022-10-12,267.926,268.98,264.665,265.099,475600,0.0,0.0
2022-10-13,260.664,268.896,260.35,267.252,851500,0.0,0.0
2022-10-14,270.495,271.576,260.063,260.368,853900,0.0,0.0
2022-10-17,264.664,271.844,263.657,269.562,1030600,0.0,0.0
2022-10-18,274.089,278.755,272.204,274.607,853800,0.0,0.0
2022-10-19,271.447,274.422,268.444,268.785,627900,0.0,0.0
2022-10-20,270.328,273.147,269.22,270.809,840200,0.0,0.0
2022-10-21,270.504,271.687,265.662,270.43,1558100,0.0,0.0
2022-10-24,272.13,273.886,268.037,269.192,772100,0.0,0.0
2022-10-25,270.319,278.33,269.109,277.295,881000,0.0,0.0
2022-10-26,277.378,280.16,274.117,275.42,681100,0.0,0.0
2022-10-27,277.184,278.145,273.793,275.198,650000,0.0,0.0
2022-10-28,274.108,288.993,272.712,287.856,798000,0.0,0.0
2022-10-31,287.099,288.965,284.733,286.202,1080300,0.0,0.0
2022-11-01,287.348,288.032,282.599,284.253,827200,0.0,0.0
2022-11-02,283.911,283.911,261.052,261.504,1534800,0.0,0.0
2022-11-03,258.714,258.723,254.482,255.637,1417000,0.0,0.0
2022-11-04,256.108,257.217,250.269,256.617,1050900,0.0,0.0
2022-11-07,260.063,261.754,250.149,253.475,756300,0.0,0.0
2022-11-08,254.843,266.762,254.131,264.914,1327500,0.0,0.0
2022-11-09,266.051,270.421,262.983,263.066,996200,0.0,0.0
2022-11-10,274.145,281.194,272.343,279.79,1076700,0.0,0.0
2022-11-11,280.224,281.472,270.329,272.74,655700,0.0,0.0
2022-11-14,273.498,274.098,268.499,268.638,781100,0.0,0.0
2022-11-15,271.742,273.368,264.544,267.122,925500,0.0,0.0
2022-11-16,267.741,274.024,267.418,268.97,843100,0.0,0.0
2022-11-17,265.468,270.218,265.247,267.381,511900,0.0,0.0
2022-11-18,269.977,272.435,266.54,271.197,1048500,0.0,0.0
2022-11-21,269.996,275.355,269.996,274.921,713900,0.0,0.0
2022-11-22,275.494,276.898,273.026,276.593,624700,0.0,0.0
2022-11-23,276.27,276.602,272.528,274.533,1057200,0.0,0.0
2022-11-25,276.88,279.707,273.96,275.909,394000,0.0,0.0
2022-11-28,274.607,275.992,266.004,266.614,993300,0.0,0.0
2022-11-29,266.947,268.545,265.431,268.508,972600,0.0,0.0
2022-11-30,267.233,275.475,265.718,275.309,2217400,0.0,0.0
2022-12-01,277.249,278.228,270.014,273.017,652400,0.0,0.0
2022-12-02,269.774,274.357,269.007,273.313,632900,0.0,0.0
2022-12-05,270.957,273.341,267.39,267.446,1049700,0.0,0.0
2022-12-06,267.991,268.444,263.999,267.021,908200,0.0,0.0
2022-12-07,268.407,274.948,264.526,274.255,937400,0.0,0.0
2022-12-08,274.948,282.996,273.479,279.67,1081100,0.0,0.0
2022-12-09,278.958,279.845,274.902,274.976,657700,0.0,0.0
2022-12-12,274.976,278.829,273.027,278.506,983900,0.0,0.0
2022-12-13,285.361,286.059,279.138,280.831,992100,2.0,0.0
2022-12-14,282.236,285.305,277.678,279.213,1254500,0.0,0.0
2022-12-15,276.022,280.636,273.436,277.938,1353900,0.0,0.0
2022-12-16,274.413,275.613,264.302,266.46,2001900,0.0,0.0
2022-12-19,265.698,266.451,262.898,264.563,730900,0.0,0.0
2022-12-20,262.777,266.339,260.452,262.544,594700,0.0,0.0
2022-12-21,264.377,267.883,263.075,263.856,574900,0.0,0.0
2022-12-22,262.209,263.558,257.438,260.433,731700,0.0,0.0
2022-12-23,259.121,264.721,257.652,263.428,459800,0.0,0.0
2022-12-27,263.028,264.07,261.242,263.27,314100,0.0,0.0
2022-12-28,264.135,265.316,257.745,258.573,574200,0.0,0.0
2022-12-29,260.554,264.302,259.41,262.842,403500,0.0,0.0
2022-12-30,261.81,262.293,257.615,260.619,432900,0.0,0.0
